Content,Label
parah pake text otomatis prabayar jangan download,Negatif
senang,Positif
bagus tolong kurang iklan nya,Netral
aplikasi gak bayar gilir udah gak kafir banget aplikasi nya gak serakah gak malu gak download nyusahin,Negatif
aplikasi kesini gak ngotak njir sara kali aplikasi niat nya sih orang cuman ngedit doang suruh bayar bikin ribet aja beda ama aplikasi belah,Negatif
terimakasih sdh aplikasi,Positif
iklan judol mulu bgst,Negatif
bug nyah jir,Negatif
loba iklan ,Negatif
aplikasi kikir jir,Negatif
pro fitur mikir mas gak semuamuanya pro mau haji gimana dah buset,Negatif
suka aplikasi syantik suka iklan,Positif
bagus,Positif
edit dengen lancar,Positif
iklan iklan iklan nya nga skip trus bnyak bug kecewa guna aplikasi,Negatif
suka,Positif
aplikasi capcutpencuri ambil akun ewalet mohon pelang capcut hati hati aplikasi,Negatif
aplikasi nya bagus banget tpi kadang gak download,Netral
suka,Positif
bagus banget,Positif
keren banget,Positif
aplikasi bagus edit nya semangat,Positif
captcut setan,Negatif
mantap,Positif
parah bayr smua,Negatif
semenjak update template bayar sih bayar tolong perbaikin,Negatif
top,Positif
bagus suka,Positif
bagus banget aplikasi nya,Positif
woi udah muak banget bug nya pro nya ngedit nya mudah susah nya kalo ngedit vidio bug hasil vidio gak sesuai baikin woi capcut,Negatif
aplikasi guna mengeditetapi minus nya kalo ngedit iklanoh iya skrng iklan bayaroke sih aman aja iklankarna wajar iklan mahaplikasi gak nya gratis yamungkin ribet iklan nyajadi tolong pis jan iklan nya bayaroke gin aja terima kasih,Negatif
bagus,Positif
kesini iklan males banget,Negatif
suka eror pakai,Negatif
woi kenapa lambat video edit lagu nya hilang pas putar parah fitur bayar kualitas video jelek banget pas aplikasi udah mahal bayar,Negatif
ngedit foto aja udah susahsemua bayar lah,Negatif
bagus banget,Positif
bagus coba bayar gak gratis dah bayar coba aja gak gimana eror kah,Netral
aplikasi firaun suruh bayar fitur,Negatif
gacor,Positif
bagus,Positif
kesel kadang susah ekspor jaring nya gak masalah terus nya gak lot,Negatif
lumayan,Netral
aplikasi kebelet haji,Negatif
edition bagus,Positif
aplikasi download baik,Positif
bagus,Positif
banyak iklan ,Negatif
gak berkatakata aplikasi bagus banget,Positif
aplikasi butut gak bayar udh langan msih bayar serakah aplikasi udah lagmakan data dsuruh bayar terusmenerus gilak aplikasi lag bget aplikasi gak edit anjr,Negatif
suka,Positif
bagus edit,Positif
kece,Positif
nge lag banget udah instal kali,Negatif
aplikasi bagus,Positif
iklan mana fitur pro gwe gapunya duit aplikasi buruk banget,Negatif
aplikasi nya guna,Positif
bagus bagus aja sih,Positif
bagus banget,Positif
udah gbisa ngekspor gratis lgi udh lumyn jlk,Netral
ngebug,Negatif
iklan coy dikitdikit iklan tadiny fre bayar kayak apansieh,Negatif
bagus gak download,Positif
bagus,Positif
bug gak ekspor video memori udh dibersihin sisa gabisa ekspor tulis salah teknis fiturfitur bayar serakah bner,Negatif
bagus,Positif
bagus banget,Positif
aplikasi nya bagus kadang ngelag,Netral
ngeleg,Negatif
sngat buruk iklanya anjir,Negatif
aplikasi bagus suka karna iklan kalo gak iklan bagus,Netral
aplikasi dikit iklan dikit iklan nge ekspor udh iklan ,Negatif
aplikasi nya bagus,Positif
bagus,Positif
kecewa banget capcutsat upload udah ngk gratis fitur berbayarudahlah mending uninstal aja,Negatif
keren,Positif
bgs sih cuman fitur pro jdi bntang,Netral
aplikasi kafir,Negatif
bagus banget pokok,Positif
bagus,Positif
gak seru aplikasi,Negatif
bagus,Positif
bagus sihtapi ntah ekpor nungu bgtapalagi eror melulumohon perbagusin,Netral
jelek dikit bayar dikit bayar gak orang bayar,Negatif
lumayan lah,Netral
ngapa bayar sieh aplikasi tuh bagus mes cuman haru bayar,Netral
sangat bagus,Positif
jelek,Negatif
kurang bintang karna iklan nyatapi bagus keren mes nya iklan aja,Netral
bagus,Positif
keren sih,Positif
bagus banget sumpil,Positif
bagus mudah,Positif
bagus,Positif
jelek ngedit cahaya nya,Negatif
banyak iklan trus kgk hapus udah nungu menit iklan kgk hilang hilang,Negatif
mudah bagus,Positif
bagus banget,Positif
suka ngelek bagus aplikasi nya iklan tolong rangin iklan,Positif
oke aja sih cuman jujur lumayan risih video ditampilin template kadang scrol template cari bagus ketemu video udah banget tonton gak sesuai ditampilin beranda template mending kalo kali muncul udah dah muak banget mohon baik dev saran bikin fitur premium ngerepotin banget,Netral
bagus,Positif
banyak iklan,Negatif
not bad bagus,Netral
aplikasi kikir pro,Negatif
aplikasi burik pasang foto bilang pasang efek anime,Negatif
aplikasi bagus,Positif
aplikasi keren,Positif
susah download,Negatif
aplikasi aneh saldo potong saldo potong langan,Negatif
jelek kesini iklan nonton iklan nya selesai notifikasi tonton iklan selesai mumet,Negatif
bagus aja sih,Netral
aplikasi aneh,Negatif
capcut banyak iklan jengkel kalo buka cap cut,Negatif
aplikasi bagus kesini laen update nya nambah cangih nambah kentang abis update ngeleg gak ngerti udh pro loh ges,Netral
bagus,Positif
lumayan lah,Netral
bagus,Positif
aplikasi ngelagtapi edit bagus,Netral
bagus,Positif
bagus banget capcut suka dah pokonya,Positif
aplikasi gajelas,Negatif
bagus banget minus iklan bayar,Netral
jelek nonton iklan kali ekspor kalo gak gak ekspor fitur bayar ekspor kadang nonton iklan bngt kalo bayar mending gak donlod aplikasi kalo download nyesel deh,Negatif
aplikasi tengil ngeselin banget udah rame langsung bayar fiturnya udah gitu ribet iklan,Negatif
bagus buat ngedit foto,Positif
capcut bagus tuh video bagus suka banget capcut bagus banget cangih udah,Positif
suka banget lucu lucu bagus cantik,Positif
bagus baget,Positif
bagus bikin edit gampang klo tugas skola terus ngedit nya capcut emg the best tpi iklan nya banget bkn emosi iklan nya rangin yea,Netral
mantap,Positif
mantap kurang iklan nya,Positif
puas,Positif
bagus edit bagus hasil muas,Positif
jijik,Negatif
bagus,Positif
jelek ekspor nya lambat baik,Negatif
bagus sih update susah nyimpen vidio nya nonton iklan kali udah simpen nonton iklan muat ulang template nya hilang sebenernya suka kadang kesal nya suruh nonton iklan gak simpen gimna,Netral
banyak bug,Negatif
bagus,Positif
aplikasi bagus,Positif
aplikasi bayar ngedit aja bayar mahal banget bikin premium ngak premium kena iklan bikin penguna resahsemoga cipta operator nya cepet kasih sehat,Negatif
rajin bngt ngedit suka bnget,Positif
bagus sih tpi gak suka nya sponsor nya,Netral
bagus banget aplikasi,Positif
bagus bgt,Positif
template nya bagus bagus bikin video cinematic,Positif
bagus,Positif
suka aplikasi capcut,Positif
bagus,Positif
bagus,Positif
cantik sumpah,Positif
lemot,Negatif
banyak iklan,Negatif
bagus,Positif
aplikasi nya udah bagus pas edit video foto kaya gitu saran beli prem mahal premium nya edit suara pas premium mending gratis,Netral
bagus sekali,Positif
benci banget dikit dikit iklan,Negatif
mantap,Positif
bagus banget download aplikasi,Positif
aplikasi mangkin parah lekat buka semangkin buruk sblm update bagus,Negatif
lumayan,Netral
ekspor video bener lama banget pas ngedit video ngelag sempet udah ekspor video udah simpan pas cek gak tolong baik,Negatif
suka banget sih,Positif
banget iklan nya gasuka banget bikin badmod,Negatif
aplikasi bagus,Positif
bagus bgt tapi bnyk iklan,Netral
bagus tpi iklan bayar,Netral
suka,Positif
bagus,Positif
jelek banget banget gunain tempalate nya nglag,Negatif
aplikasi ngelunjak,Negatif
capcut bagus mutiara indah,Positif
iklan muak ken hapus aplikasi,Negatif
keren bnget,Positif
bagus skrng banyak bayar,Netral
benci,Negatif
bagus edit video pakai milik orang tema sendiri,Positif
enak bagus,Positif
aplikasi kikir banyak iklan iklan bayar kebelet haji bayar eror mulu udah download uninstal aja gak rekomend aplikasi,Negatif
ngelag,Negatif
aplikasi jelek ktnya gratis langan notif transaksi aplikasi cpct gajelas tipu nipu bohong hoak ning ganti aja aplikasi lainsoalnya gua uda kembali dana kga kasi wkwkw untung uda gua stop transksi nya klo kga abis tuduit gua ginian doang sgitu gua jrang pke aplikasi nya keitung gapernah mungkinboikot capcut,Negatif
mantap,Positif
bagus sih cuman kenapa fitur nya pro kebelet haji gimana dah heran ama tolong rangin fitur pro nya,Netral
aplikasi jelek bayar,Negatif
suka,Positif
bagus aja sih,Positif
baik,Positif
jelek rekomendasi mending pake aplikasi aja aplikasi capcut rekomendasi jelek iklan kadang suka ngeleg kalo ngekspor nungu iklan,Negatif
aplikasi nya sih bagus cumak sayang iklan nya gangu kecewa,Netral
bagus,Positif
aplikasi bagus susah masuk,Netral
bagus banget edit foto nya,Positif
bagus deh intinya,Positif
bagus banget punyaku eror,Netral
jelek ful premium bikin pov roblox mending aligmotion enga master,Negatif
suka ini,Positif
bagus template bagus pakek banyak pro aja pas buka aplikasi ngak apapaindi pencet aplikasi nya mohon baik bug aplikasi nya makasih,Netral
bagus nge leg tolong baik capcut nge leg,Netral
bagus banget tpi kecil iklan jangan pake berlian,Netral
bagus,Positif
capcut nya bagus lagi,Positif
bagus,Positif
seru banget syg suka iklan,Netral
aplikasi nya bagus cuman ngelag,Netral
tolong aplikasi bagus dongmasa update bnyak iklan iklan gak kayak sekarangbahkan ngekspor nonton iklan tolong kembali lagisaya tuju ekspor nonton iklan karenasupaya orang beli pro,Netral
bagus banget,Positif
bagus banget sih,Positif
jelek banget orang ekspor gabisa gak pake yng fitur pro tulistrus masukin akun gabisa usia,Negatif
mayan bagus sih iklan terus pas download lgi gabisa,Netral
aplikasi bagus banyak iklan,Netral
jelek karna pro gak bebas foto edit,Negatif
bagustapi plis iklanya banyak ,Netral
stres byk iklan ngeleg parah,Negatif
aplikasi nya bagus minus nya kikir,Netral
aplikasi gak rekomendasi hrus bayar iklan byk bnr fitur hapus,Negatif
jelek skrg bnyk lag ,Negatif
patah patah,Negatif
aplikasi gajelas,Negatif
aplikasi buruk,Negatif
aplikasi nya bagustapi edit capcut aplikasi ngebug ruang simpan tdak penuh,Netral
kecewa bintang fitur nya banyak pro suka,Negatif
bagus sih cuman kaku kalo udah edit tolong jadin capcut nya biar nga kaku,Netral
lambat banyak beli dlm aplikasi,Negatif
ngeleg gak suka,Negatif
aplikasi nya jelek gajelas bnyk banget iklan nya fitur nya premium jelek poko jelek bgt,Negatif
jelek bngtkalo iklan suka gada selesai nya tanda benerin gua mah jelek bngtdikit iklan jelek,Negatif
bagus sih aplikasi nya sayang banyak iklan,Netral
banyak iklan bnyk yang bayar terus nge lag,Negatif
aplikasi rusak,Negatif
aplikasi bgus edit foto tpi kadang suka ngeleg sndri terus krain nya yang penuh memory tau aplikasi nya deh tpi suka bnget sma aplikasi,Netral
bagus banget minus nya iklan aja,Netral
jelek iklan kalo gak download iklan layar pokok jelek udah iklan,Negatif
aplikasi buruk suka eror mending ganti aplikasi aja,Negatif
capcut bagus tetepi banyak iklan,Netral
banyak iklan gasuka,Negatif
bagus cuman jelek nya iklan nya iklan nya iklan nya cuman gus durasi,Netral
banyak iklan pro gak banget,Negatif
jujur aplikasi bagus sbnrny serba pro fitur yng gratis pakai kaya ekstrak audio yang pro sulit banget,Netral
gak suka,Negatif
jelek iklan,Negatif
suka banget aplikasi iklan nya yang bikin kesal,Netral
gak bagus,Negatif
jelek hancur vidio patah iklan nya jelk,Negatif
kecewa banget udah pake capcut apaharus bayar iklan pas buka aplikasi iklan ekspor iklan apaiklan seolahnyuruh bayar paksa suka,Negatif
bnyk iklan,Negatif
capcut nya gak bagus iklan yang gak guna,Negatif
jelek banget aplikasi buang aja hiyek gak guna,Negatif
kesini bnyk iklan aplikasi payah,Negatif
banyak iklan,Negatif
aplikasi burik suruh bayarjadi malas make aplikasi,Negatif
transaksi ghaib,Negatif
udah bayar disiruh bayar,Negatif
babnyak iklan gak skip,Negatif
bantu tingkat,Negatif
bagustapi kalo ekspor iklan males,Negatif
engk update min,Negatif
sangst bagus menedit foto,Positif
fitur pro anjirt nya gratis pas coba pro sumpil sih ganti tuh deskripsi nya,Netral
suka lag gak,Negatif
udah aplikasi kikir bug pulak salah teknis salah teknis tingal ekspor video salah teknis udah cape cape ngedit,Negatif
puas pake nonton iklan,Negatif
aplikasih,Negatif
buka capcut layar putih doang,Negatif
aplikasi lontong kasih bintang biar peringkat dasar aplikasi lontong bayar,Negatif
aplikasi bikin bayar nangung kali,Negatif
anak kau gak pakai bayar nyuruh bayar gak aplikasi,Negatif
banyak iklan meding aplikasi belah,Negatif
suruh bayar mulu smua orang kaya napa,Negatif
ngak langan bayar mahal ampo,Negatif
aplikasi nya iklan bayar kebelet haji cut asa gak kaya gin gara viral gin aplikasi nya bayar,Negatif
capcut ekspor muncul tulis salah teknis terus suruh coba tetep,Negatif
aplikasi udah gak pake mengeditada aja bayar kredit apa,Negatif
pemberitahuan saldo potong,Negatif
iklan kadang expor macet aplikasi gak pencet buka iklan hasil edit yang selesai hilang,Negatif
kayak sampab,Negatif
iklan nya plis pake template nya iklanlama nya bosen tolong kurang iklan nya udah bagus template nya cuma iklan nya banget,Netral
bgs gak dowload padahal dah ulang ulang mulu bsa terus pnyimpanan pnh pdhal enga ribet bgt ngedowliadnya,Negatif
bagus sekali kusuka kusuka,Positif
mboh,Negatif
download napa,Negatif
tolong kembali dana sayayalah,Negatif
gua udah download berkalikali ngak yain internet nya udah bagus gak jelek samsek gak tau eror gimana sih capek bolak download ujung nungu lebih tauah mls bnget,Negatif
capcut update fitur pro nya atur sesuai edit video contoh video slowmo fitur cepat curva nya bayarmenjadi standar capcut jelek update bagus fitur pro nya guna mudah edit video fitur pro nya tdk bayar fitur pro nya biar guna mudah edit video,Netral
update mulu pas edite lag,Negatif
ganti telp langan sopan,Negatif
ngfrez anjir,Negatif
aplikasi kikir anjir,Negatif
iklan mau ngedit iklan,Negatif
capcup bagus edit video mudah cepat latar,Positif
apa iklan kasih bintang aja iklan,Negatif
capcut elor nya sih unduh toko resmi anjir,Netral
iklan pokok bayar,Negatif
cing tereh ngadonlod teh,Negatif
aplikasi byar,Negatif
klo akun capcut naik capcut pro,Negatif
edit foto video,Positif
baharu baharu suara ebek jelek paksa hapus data atur,Negatif
capcut edit video musik template kayak jedag jedug capcut,Positif
iklan nya ekspor,Negatif
download aplikasi nya mahal kasi yng memori nya sikit,Negatif
lag video putar,Negatif
fiturnya bagus baget poko god job deh capcut,Positif
mantul,Negatif
mgp cpcut gaje kli fitur ekspor iklan bnyak kli,Negatif
gimana sih fitur suruh bayar bagus sih aku,Netral
bagus edit pokok nya bagus deh,Positif
pils tolong bayar caput mudah,Negatif
aplikasi nya suka masuk masuk kadang kudu extra sabar kalo ngedit tolong capcut susah ngedit,Negatif
aja,Negatif
sih bintang ngedit fotofoto cantikcantik,Negatif
gak buka,Negatif
bagus mengedit banyk iklan menginstal edit selsai edit,Positif
tolong min saya ngisi saldo dana potong aplikasi capcut editor gimana min bantu dong,Negatif
barusan sdh update muncul update gin apknya eror kah,Netral
aplikasi kikir njim,Negatif
bantu vidio,Negatif
kevanyakan iklanjadi males buka aplikasi,Negatif
pas ngedit mulu emosi akupas coba gak tolong baik,Negatif
donwload nya udah,Negatif
fiturnya bagus iklan,Positif
kikir ges download mending aja gua ksi bintang biar muncul atas,Negatif
bugiklan bug gak jalan,Negatif
ken haji orang,Negatif
muat simpan,Negatif
berat kentang,Negatif
gak masuk hapa aplks,Negatif
aplikasi gak gak didownload mati aja ownernya,Negatif
banget yang pro coy rangin hehehehe,Negatif
banget jir premium premiumtapi aplikasi nya baguslain kali kalo kebelet haji tuh mikir premium motong poto aja premium,Negatif
bana tarik otomatis,Negatif
iklanyajadi gangu mohon baik yah,Negatif
god job,Negatif
ngebug terus syial,Negatif
kecewa berat gua bikin konten,Negatif
sory bintang moga lihat komenku aja nya nih aplikasi dipakek video edit tingal download muncul gak download video nya hadeh kali baik,Negatif
kali iklan,Negatif
aplikasi kikir,Negatif
tolong kembali dana potong tuju aju refund,Negatif
pro kikir pelit gak kaya bangut ntar,Negatif
dihargain iklan nya banyk banget tutup aplikasi sebentar muncul iklan mulu gimana editnya kalo kyk gitu gangu banget klo dispam iklan mulu untung hpnya kentang mending gak pake berat kali aplikasi ram kyk lelet kali efek,Negatif
saldo potong gak gak langan tolong balikin duit yang sedot,Negatif
ganti poto orang sampe poto,Negatif
tarik,Negatif
miskin mentang mentang make,Negatif
eror,Negatif
aja iklan,Negatif
aplikasi guna edit edit vidio,Positif
gabisa download,Negatif
ska bngt aplikasi,Negatif
kebelet apsih,Negatif
bagus iklan,Netral
gak download gagal wlaupun coba kali kali ngabisin kuota aja aplikasi buruk,Negatif
capcut fitur premium gak login akun premium,Negatif
masak bayar sih,Netral
potong backround aja bayar loh makinih capcut hadeh swmuanya aja bayar,Negatif
sih capcut sulit ajamulai iklan isi nya judol semuagw gak iklas judol capcut gak tuh nge blokir iklan begitu gak suka tuh kalo udah ekspor video kek ngedit kek suka nge stuck kaya ber gitugw situ positif thingking nyatapi coba lumayan bagus ipm tetep aja mulujadi tolong hapus iklan jdol bug gjls,Negatif
macet buka layar ponsel putih,Negatif
apa kocakpas make aja apksemua gratis gilir udah make aja pro inbanyak iklan kocak kocak capcut butut,Negatif
bet nge download nya wifi bagus,Positif
bayar fitur nya gak kaya,Negatif
ngeselin nungu nya bagus,Positif
sengaja langan megajukan kembali gogle batal saldo mohon bantuanya,Negatif
download vidio habis nonton iklan gak layar hitam ulang,Negatif
aplikasi bantu bgt ngedit video foto tpi kasih bintang krn bnyk yang pro susah ngedit nya yang jadi proberbayar,Negatif
tau bintang mendownload fitur bagus video nya sayang download,Netral
aplikasi kikir,Negatif
emng bagus ngedit video poto,Positif
gabisa dinstal padahal udh ngosongin penyimapan,Negatif
kadang kadang nda bisa ekspor,Negatif
wel wel wel sperti yang kta tau aplikasi kikir gak expect ksini kikir gurls,Negatif
kasih fiturfitur gratis,Negatif
mayan bagus aplikasi guna,Positif
didownload ulang memori sinyal kuat play poject bangus versi maju,Negatif
bilang developer kalo pakai aplikasi capcut edit vidio kadang vidio nya eror gitu mohon baik terimakasih baca pesan,Negatif
suka karna donwload suka donwload karna simpan penuh,Positif
edit nya gak sesuai template,Negatif
aplikasi kasih bintang karna kesini yang berbayardan iklan banyakmending pindah aplikasi belah rekomen gak bayar,Negatif
puas banget mantap edit edit,Positif
guna,Negatif
pas nge espor suruh bayar aplikasi,Negatif
aplikasi nya udah bagus pas make aplikasi kancing sih nya yang rusak aplikasi kasih nya yang rusak kasih bintang,Negatif
uang dana bawa asu,Negatif
cuman ngasih saran dikit fitur ngak pro proya,Negatif
asalamualaikum capcut maju pantang kendor,Positif
masuk aplikasi,Negatif
bayar butuh hrs gabung pro milik uang hutang coba doang ekspor request capcut bayar kah sgt seru keren hebat,Negatif
bagus sih,Positif
bosok kakean iklan,Negatif
masuk aplikasi,Negatif
izin orang akses data hapus bug akun,Negatif
ngedit jam eror video suara gak sinkron,Negatif
cangcut pro,Negatif
download ,Negatif
males yaping,Negatif
capcup mudah ngedit vidio,Negatif
pro,Negatif
ini bintang,Negatif
bingung nulis,Negatif
aplikasi capcut bantu edit foto vidio sempurna,Positif
aja uninstalhp gak jelek lag parah ngedit kabarin kalo udah baik,Negatif
capcut udah stiap ekspor trus muncul iklan warna item doang mana gak pencet trus lgi tetep kaya gitu aneh banget,Negatif
iklan malas edit vidio,Negatif
capcut skrng fitur standar kya,Negatif
tasyitasyi memilikinye,Negatif
gapapanjay alok capcut jangan pro,Negatif
kikir pro,Negatif
karna nya,Netral
capcut gak,Negatif
udah pake capcut sepi sampe rame gilir rame pasang pasang iklan judol judol mulu udah iklan judol nyah gak suka iklan iklan judol judol ituh capcut kalo ngasi iklan bener capcut udah rame gin iklan nya judol gak malu itu ning pindah gua mah,Negatif
capcut mohon kembali uang karna gabung langan,Negatif
guna,Negatif
bagus ngedit sih kalo,Positif
alhamdulilah aplikasi nya terima kasih capcut,Negatif
muas,Negatif
baja,Negatif
tolong capcut tolong gin iklan nya klo ekspor video tolong singkir iklan nyasaya kasi bintang moga laku,Negatif
gak,Negatif
edit foto sahabat mudah gratis buru coba,Positif
wkwkwk fitur pro nya udh gak tolong fitur yang sebenernya gak ngaruh video tetep bikin pro bagus fitur aplikasi wink jernih gak natural bener rasa beda iklan yang tampil aplikasi kasih bintang gangu banget,Negatif
fitur pro edit,Negatif
banyak yang pro sulit,Negatif
gua pake kasih bintang aja ngak capcut nya berat daya patah patah tolong baru yah biar rame donwload sekian terimakasih,Negatif
aplikasi fitur pro crop digalery post diyoutube kualitas jelekcapcut aplikasi suka pro teruscapcut manis awal sajatapi akhir kasih pro capcut harap capcut kembalin fre,Negatif
bagus apapa pro capcut skarang kebelet haji njir pro pro muak banget font estetiksering gue pake pro tolong banyak pro standar ngabisin uang prostandar capcut buang uang aja noh proin exportdownloadnya muak bngt anjeng,Negatif
udahn standar sinyal lancar jaya pas make template mentok bjir,Negatif
bayar,Negatif
iklandan iklan anak anak bayar durasi iklan tolong bantu hilang iklan,Negatif
bnyak iklan gak kek,Negatif
bagus josjis,Positif
tolong suka nge blank kurang iklan bayar nya baik bug nya,Negatif
bagus quotes nya,Positif
sukses pelit capcut,Positif
ngerekam suara suara angin download langsung uninstal payah capcut,Negatif
bgus punya didownload,Negatif
bayar sih susah,Negatif
gegc bis cna unyu ict hujan oiya kak wibi,Negatif
god,Negatif
fiturnya sedia guna bayar banyak iklan susah ekspor,Negatif
gabisa unduh simpan luas ,Negatif
aplikasi fiturnya lengkap premium expor video gampang aja premium gapernah aplikasi kikir guna udah premium harga gilir bayar pake telkomsel metode bayar tolak orang duit aplikasi mohon baik,Negatif
menginstalnya,Negatif
aplikasi bantu apresiasi kreatif positif kembang bakat milik orang mengekpresikan hendak hati pikir,Negatif
pas udh pke dia kyak kebnykn kgk bisa pke foto yang bru njir,Negatif
banget aplikasi prem,Negatif
aplikasi sangat bantu kendala satuyaitu premium ajar susah tugas sekolah,Negatif
aplikasi bagus bayar baik takut adaja nya baik bayar,Positif
aplikasi nya mani,Netral
iklan,Negatif
karna,Negatif
maf admin bayar,Negatif
udah temeni udah sukses sok yes bayar bgst,Negatif
mantap,Positif
sengaja beli item aplikasi capcut kembali dana respon jarang main aplikasi capcut tolong tinjau,Negatif
iklan ngk kaya buka bagus iklan dikit iklan,Negatif
guna,Negatif
kebelet kaya cangcutempek kikir kntl,Negatif
saldo dana potong otomatis kembali alas udah kali potong gimana ini males banget cok,Negatif
banyak iklan masacuman ngekspor video aja iklan nya,Negatif
mohon maf suka lirik lagu nya,Positif
saya suka,Positif
sih capcut lumayan pas gua apus gua unduh tuh gak kosong ruang ruang simpan gua tuh aman gak penuh jir,Negatif
ekspor pake tempate salah teknis trus yang aplikasi capcut bayar,Negatif
mantap,Positif
aplikasi kikir,Negatif
aplikasi nya gjls anyi buka uka,Negatif
aplikasi kikir,Negatif
mantap,Positif
langan gratis saldo,Negatif
bayar,Negatif
ekspor bayar pake nton iklan wktu udh ntn iklan ngilang gmn,Negatif
langan mahal langan fitur yang bijak harga,Negatif
pogoih,Negatif
bayar buat malash,Negatif
mana,Negatif
aplikasi kikir bayar kebelet haji ekstrak audio bayar kualitas video bayar kikir bet aplikas,Negatif
banget iklan kalo nge ekspor ngelewatinan iklan mending kalo langsung eskpor mah kadang suka template yang masuk langsung iklan,Negatif
kasih bintang aja karna kadang ngak download,Negatif
apasih iklan judol iklan nya ampe ngestuck situ situ trus apl,Negatif
aplikasi orang pakai baju orang pakai baju,Negatif
meyukai capcut,Positif
bug lag banget iklan,Negatif
nge lag mulu eror nya aplikasi ber bayar najis,Negatif
muas,Negatif
senang,Positif
sih donwload nga sih nga sengaja hapus,Negatif
kasih bintang kurang iklan nya gak iklan kasih bintang,Negatif
bagus and aing gak suka capcut pro gitu,Positif
aplikasi kikir njir,Negatif
gak download capcut udah rela hapus tiktok capcutsedih banget,Negatif
aplikasi update rusak iklan ngebug,Negatif
mantap,Positif
keren masukin suara vidio pake efek langan kirain tdk langan krn download pake data data beli pake uang hadew langan sama data sama capcut,Negatif
bayar,Negatif
gatau skrng bayar yang fre bayar langan iklan terus iklan muncul masuk iklan iklan download vidionya iklan hadeh gatau sama aplikasi,Negatif
udah ready,Negatif
gasuka paksa bayar iklan menit kalik pas eksport geser layar langsung masuk gogleplaystore biar download gamenya bikes capcut yang,Negatif
tak menginsatal,Negatif
banget eror,Negatif
aplikasi gada tarik saldo ,Negatif
tarik tantang,Negatif
dikit dikit bayar dikit dikit bayar gua doain turun tuh rating sampek,Negatif
iklan sampah,Negatif
bgus bgt sih,Netral
kikirmemo udh kosong gbisa download,Negatif
ekspor suka kembalikembali,Positif
iklan super editing video sulit unduh gak tolong kualitas baik,Negatif
tolong kembali uang gopay sengaja beli item,Negatif
kikir,Negatif
upload template mlh gak eror,Negatif
bayar kaya temen gerat,Negatif
gimana sih gak langan capcut enga pro notifikasi bayar capcut jarang pake juga saldo potong lagi refund kembali dana gabisa sya,Negatif
bagus,Positif
butut,Negatif
bagus edit edit video jadi,Positif
alah tolong banget kembali uang langan capcut nila satusatunya uang,Positif
ukur aplikasi gede kikir aja sama konsumen udh banget make rasa banget beda capcut,Negatif
ksih bintang kurang nya adlh ngeleg banget iklan gak suka,Negatif
kesini berat simpan nya,Negatif
gak instal jelek aplikasi gak kaya aplikasi nya,Negatif
aplikasi kikir dkit iklanud hadeh,Negatif
aplikasi uras energi ekspor bnyak iklan iklan ulang ulangmohon cepat baik,Negatif
pay edit,Positif
iklan nya,Netral
bagus puas layan apknini,Positif
senang pakai capcut iklan nya rangin pelis kalo iklan nya lot,Netral
saran yakalo riwayat edit nya kesimpen nga editing vidio template editing foto kesimpanbiar kalo salah nga ulang,Negatif
capcut sngat bgus gmpang edit,Positif
aplikasi bagus guna perlu editing tugas sekolah komplen iklanya tantang sabar mentang mentang gak beli standar aplikasi aja iklan nya banget klo tekan nya gak langsung masuk play store woy edit gue udah susah payah bikin hilang kasih bintang,Negatif
bagus sihtapi cob kalo turun,Positif
capcut dick delay banget kunyuk apapa pro kasihan umat miskin,Negatif
mantap,Positif
guna,Negatif
turut bagus sempurna kayak bagus banget gitu hasil,Positif
bikin simpan,Negatif
inti kyk yang,Negatif
aplikasi bantu edit vidio suka kualitas aplikasi pakai aplikasi edit vidio,Positif
bet premium,Negatif
mudah lengkap detil mudah erti mudah aplikaskan fiturfitur dalam nya mudah erti bahasa nya lengkap dapt sesuai perlu personil guna pakai sama aplikasi bantu selesai bilang sulit relatif harap pribadi bayar nilai relatif mudah jangkau beli pengunapemakai,Negatif
inspirasi,Negatif
capcut mantap isi fitur premium,Positif
oke,Negatif
doang yang bagus ksni paksa bayar kecewa aplikasi,Negatif
minimal jangan nya bayar capcut,Negatif
nya premium harga mahal,Negatif
capcut burok,Positif
aplikasi gak buka,Negatif
gak karuan nih aplikasi pungsi gak nih aplkalo gak yaudah hapus aja bikin ribet aja gak kaya nih apl,Negatif
capcut nge lag udh mah iklan nyh tetep aja ulang ngedit,Negatif
aplikasi busuk,Negatif
sesuai yang,Negatif
gabisa buka,Negatif
tolong dong ubah proyek kotak bawah kaya susah ngebersihin hpus sayang udah ngedit,Negatif
kalo uninstal update versi pro,Negatif
batu meng edit vidio foto,Negatif
banya iklan nglunjak kali yang,Negatif
gratis banyak bayar udahgakasik,Negatif
banyak bayarbu,Negatif
gimana donwload gabisa tolong biar download kayak orak,Negatif
reting karna lambat tolong diperbaikin nya,Negatif
karna aplikasi muat iklan tergangudan aplikasi data cepat habis tolong baik terimakasih,Negatif
iklanmau expor iklan buka aplikasi iklan gimana sih capcut moga aja iklan hilang,Negatif
busuk bayar udh langan eror yang gabisa hapus aja gausah pake capcut kecewa berat pokok,Negatif
aplikasi bantu proses editing,Negatif
tolong langan tibatiba uang tarik tolong kembali langan capcut,Negatif
suka aplikasi template nya beautiful,Positif
kli aplikasi nya bgus rekam kendit kayak aktor,Negatif
udah ber bayar,Negatif
tolong capcut kenapa capcut gak download,Negatif
pilih suara prem,Negatif
iklan,Negatif
benerin aplikasi gblk gak masuk akal iklan nya,Negatif
capcut,Positif
kasih bintang nya ram guna android ram tolong kasih aplikasi capcut versi lite nya,Negatif
mantap mantap,Positif
bayar dulunya ngak semenjak beli barcelona,Negatif
suka tbtb apknya lag gitu,Negatif
greget banget iklan,Negatif
aplikasi nya iklan menit iklan muncul,Negatif
pro bayar sih moga capcut masuk nerka,Netral
buka ngelag laenya ruang simpan penuh aplikasi blm update,Negatif
banyak iklan dah gitu iklanya lama banget otw hapus intalasi,Negatif
suka nya,Positif
aplikasi dana potong otomatis gabisa refund hilang kejap,Negatif
fitur bayar dah maruk banget ken nge ekspor aja bayar,Negatif
gak instal,Negatif
iklan gak,Negatif
maf capcut gak kenal aplikasi kenal lihat orang pakai capcut tibatiba nostalgia umur suka main edit,Negatif
eror gimana nih upload audio video beda gak sinkron potong potong gak audio kemaren normal normal aja,Negatif
pakai nya enaktapi tolong kyk capcut yang yang pake nonton maksud nya cari lagu nya itujadi tolong banget org yang foto profil tutapi yang nulis gua anak nya,Netral
nya gde kasi simpan orang,Negatif
tolong aplikasi nya banyak iklan,Negatif
najis vidio doang suruh bayar,Negatif
bom coba yang bilang kalo update yang bugnya parah yang aplikasi tolong baik bug nya kasih bintang baik kasih bintang terimakasih baca ulas saya,Negatif
ngelek,Negatif
update buka,Negatif
pelit pro,Negatif
josjis,Negatif
langan langan duit aplikasi dana otomatis ambil langan alam duit ambil otomatis karna lupa mengnonaktifkan fitur langan duit obat sodara pakai langan capcut pemberitahuan sodara miris cipta langan capcut,Negatif
gin gimana gak dwonload udah hapus aplikasi foto tolong banget udah kali coba gak,Negatif
iklan mulu bagus,Positif
mantap,Positif
pro,Negatif
tahu capcut cocok orang kadang kadang capcut suka ngelag suka capcut,Positif
iklan,Negatif
capcut mah mantap gak pake langsung gratis,Negatif
gak,Negatif
tuju dana potong,Negatif
iklan tolong,Negatif
marah hah,Negatif
gak download,Negatif
nanya kali iklan,Negatif
tolong kembali uang tarik otomatis akun dana nila sengaja kepncet fitur langan nya mohon kembali uang butuh,Negatif
bagus buat konten kelas karna admin nyabtw folow akun kelas archives nama nya,Positif
kebelet haji fitur nya ber bayar nga,Negatif
bgus,Negatif
iklan banget iklan game gak klo diperbaikin durasi iklan reviewnya update,Negatif
baik,Positif
kaku nya lumayan,Netral
suka iklan,Negatif
iklan iklan film forno suka suka banget,Negatif
simple keren mudah aplikasi,Positif
gak download,Negatif
apa ngambil saldo tuju pribadi cap cut,Negatif
aplikasi guna terimakasih buat capcut,Positif
edit gampang mudah,Positif
bagus aja template nya bagus bagus,Positif
kikir,Negatif
uda gak pakemuncul notif unduh toko aplikasi,Negatif
iklan kadang macet fitur bayar video bagus,Negatif
kerja restoran,Negatif
ekspor,Negatif
bagus bingits solanya uplot tiktok alas bayar uplot tiktok bikin vidio kapn suka kasih bintang terima kasih baca,Negatif
kikir banget najis,Negatif
alah saldo tarik mohon dibalikin plis butuh banget,Negatif
moga mendownload kali ini,Negatif
aplikasi nya bagus lengkap fitur bayar nya,Netral
aplikasi editing bagus bayar dulunya gratis bayar contoh nya ekstrak suara,Netral
suka capcut,Positif
gak unduh padalan simpan,Negatif
akir akir mental apknya,Negatif
terima kasih,Negatif
capcut bayar,Negatif
duh pake capcut berat banget gak fre bayar pindah aplikasi kali,Negatif
aplikasi bagus kerna kali edit foto simpan geler suka hasil edit nya,Positif
iklan template yang harus bayar udah banget pake capcut bikin gak nyaman,Negatif
download kalo mengeksplor jam,Negatif
uji coba pro tagih narik nya otomatis klo duit ewalet,Negatif
gasuka kali iklan nya,Negatif
udh ngapus instal susah ngedit capcut makasih capcut udh ngasih yang baik kalo pake ekstrak digratisin donk kek pas,Negatif
gak instal,Negatif
aplikasi kesini guna jadi premium tolong premium nya orang yang berat fitur nonpremium sama kalo takut rugi kualitas premium jadi kualitas nonpremium buat minimal pas rilis mohon guna guna narasa yang goda santai fitur gratis,Negatif
efesien guna memori,Negatif
standarprodlmulu susah ngpain capcut ngeleg mulu,Negatif
bagus banget puas tolong baik bug nya gak enak lagu nya,Positif
sgt lumayan kenapa pake bayar,Netral
pulsa potong,Negatif
terimakasih,Positif
aplikasi banyak iklan klik iklan,Negatif
iklan nyah mengangu nyaman,Negatif
tolong kembali uang tarik otomatis akun dana mohon kembali uang bantu,Negatif
gimana sih aplikasi kesini konyol udah ngedit tingal download aja iklan,Negatif
download aplikasi capcut gak pdahal memo gak penuh gak capcut aneh,Negatif
suka aplikasi video mudah ribet,Positif
pakai template orang aja bayar kenapa gitu jelek jelek mending download yang mod aja,Negatif
mudah aplikasi,Negatif
tolong nya turun nin plis,Netral
penuh memori,Negatif
dana tarik tolong capcut bantu tdk beli item capcut ketaraikn,Negatif
aplikasi gajelas gada transaksi bayar langan hilang duit anj balikin woi gak ngelukin transaksi apa,Negatif
apa nih bayar smua kali aja download aplikasi nya bayar,Negatif
kenapa gak download,Negatif
kesini aneh pro bayar gak kaya,Negatif
iklan nya kaga kaga renti,Netral
aplikasi gila menu yang klik bayar oalah nyesel nyesel download aplikasi langsung hapus gak liat video nya suruh download saran yang download aplikasi pikir deh mending gak,Negatif
bagus mudah kenapa fitur pembayaran,Positif
hilang saldo gara gara aplikasi dak,Negatif
wih bagus banget aplikasi nya ber kreatif clip clip wajib download sih nih aplikasi tolong aplikasi jngan naikin nya,Positif
aplikasi kikir temu playstore,Negatif
moga bagus muas pas salin,Positif
gratis skarang wajib bayar uninstal aja deh pindah aplikasi edit yang sederhana mudah orang mula konten kreator,Negatif
asalamualaikum capcut keren banget sih bulan bayar tolong kurang iklan seluma kurang bintang,Netral
gak download,Negatif
tempelt tarik,Negatif
alah gak ekspor vidio,Negatif
kembali dana capcut,Positif
eror nih,Negatif
najis ngedit jam jam cape ngedit pas expor jaring bagus rusak samsek iklan kalo pencet tanda bayar mulu min pake capcut,Negatif
gabisa instal,Negatif
kalo gak premium dikit iklan aplikasi kikir,Negatif
capcut hormat sengaja beli item tolong refund saldo dana nila,Negatif
iklan,Negatif
nungu iklan muncul tanda nya gak muncul anjim kek maulu capcut aneh aja dah,Negatif
lot dah nih aplikasi edit video lambat buset dah udah langan pro males,Negatif
bikin memo penuh jujur,Negatif
kikir instal cangcut rating blsng uninstal,Negatif
apas kalo ngunduh masalah unduh mas masalah masalah udah coba uninstal utuh ganti akun utuh,Negatif
susah banget buka capcut ajatpi fiturnya bagus,Positif
aplikasi kikir ekstrak audio impor aja bayar gada pindah aplikasi spring aja guys,Negatif
celeng saiki,Negatif
capcut apansi kebelet banget haji ampe bayar kalo gak karna gak capcut maju pro kebelet banget haji kali bangun gedung ribu tingkat mentang mentang udh maju saran tolong pro pikir kaya,Negatif
gak instal udah coba berkalikali simpan nya gak instal,Negatif
jir kikir bat aplikasi pro bayar mikir kids,Negatif
bagus sih sayang banget coba rangin fitur pro nya diproin oleh capcut,Netral
aplikasi kikir kesini,Negatif
luas aplikasi,Negatif
ukur,Negatif
suka banget cap cut ngedit video pas teman yang ulang,Negatif
bagus video tarik pakai capcut,Positif
sekarang iklan bayar gak fungsi hapus kali buka udah iklan brp menit iklan ekspor iklan suruh bayar ealah,Negatif
rating,Negatif
kikir skrng mah,Negatif
sya poto terus calcuta muncul potonya padahal galeri simpan sya capcut poto gak slah sya hapus capcut terus download poto sya yang,Negatif
muat template lambat,Negatif
capcut kebelet haji,Negatif
suka aplikasi capcut tiap konten capcut terimakasih capcut dukung kontenkonten bintang aplikasi,Positif
karna,Negatif
bagus vitur pro nya,Netral
moga harga nya turun emank bulan kreasi over bagus,Positif
kali upload iklan standar sesuai harap kali buang karna iklan iklan kali edit video premium,Negatif
iklangeskpor aja kaga bisamakin makemakin aja nih aplikasi,Negatif
ambil aib saya,Negatif
iklan,Negatif
ditemenin miskin ngelunjak,Negatif
parah iklan,Negatif
jarang iklan iklan bayar,Negatif
capcut guna muas aplikasi,Negatif
tdk didownload video,Negatif
aplikasi bagus,Positif
premium,Negatif
plis capcut edit udh bagus banget kadang gak dipake fitur vip tolong rangin iklan cape banget ekspor vidio nungu iklan kalo sebentar gak kadang banget iklan abis iklan,Negatif
capcut eror,Negatif
tolong downlodkan aplikasi,Negatif
tolong aplikasi capcut kenpa sih kalo nge ekspor suka kalo enga deh tolong aplikasi baik baca ulas,Positif
simpa,Negatif
gak ngotak,Negatif
tawar uji coba gratis ribu klik transaksi potong harga normal plis deh nge rampok untung gak langsung klik kalo ngak hilang duit ngak worth mahal,Negatif
kie piwe sih asemtemenan,Netral
aplikasi gajelas ekspor video gak masuk file memory ngeselin banget fiturnya kikir banget,Negatif
bilang klo udah sukses bayar tim yang nemenin nol sampe capcut sukses gak orang tahan klo bayar udh sih aja,Negatif
bgus kurang premiumny,Negatif
banget iklan,Negatif
fitur teks audio ilangin butuh banget,Negatif
bayak standar bayar kagak pake standar bayar,Negatif
nyedot bayar gak anjmotong dana seabank dasar aplikasi gajelaslanganan gak saldo maling anjeng emang aplikasi bangst,Negatif
capcut ngelag sinyal kenceng edit udh cape gabisa kesimpen stiap nyimpen slalu baca capcut tdk tangap,Negatif
gak ekspor eror,Negatif
lumayan suka apli karna edit foto tiktok cocok gak tiktok gak daftar akun capcut aja,Negatif
editor bos,Negatif
trkdng hrs douwlod kaga seru douwlod,Negatif
updated jelek,Negatif
tolong dong ngedit video fiturnya gabisa dipake bnyk yang pake suruh nungu udh tungu pagi ampe malem gak padahal akun pro,Negatif
muas,Negatif
capcut seru tarik,Negatif
download gabisa memori penuh,Negatif
gak bisah,Negatif
yng kurng bayar kalu edit fidio,Negatif
premium,Negatif
aplikasi jembot cuman suruh bayar jembot jembot,Negatif
suka,Positif
gak suka gak asik,Negatif
ganti aja aplikasi iklan iklanya gak habis,Negatif
edit aja bayar,Negatif
tolong vip bikin chat roblox suara nya vip,Negatif
aplikasi kasih guna edit foto video,Negatif
curicuri pandang,Negatif
ngelag,Negatif
bagus,Positif
udah bayar iklan gak mutu,Negatif
gak download capcut nya,Negatif
wua iklan nya mantep emang,Netral
download mending download aplikasi ngedit udah eror mending hapus hapus tenteram hidup orang,Negatif
lag muat simpan jaring bagus deadline tugas kepepet,Negatif
susah login,Negatif
bagus edit,Positif
dinstal,Negatif
kangen capcut bikin video bikin status ngedit plis update bikin capcut bismilah aja gak langsung gimana kangen capcut hapus,Negatif
parah ambil saldo dana parah,Negatif
aplikasi manfat suka simple tolong ditindaklanjuti keluh edit template terkadang suka bug aplikasi sinyal bagusbagus,Positif
bgus kalo bintang rangin kikir nya,Negatif
bagus,Positif
kadang foto gak muncul pas mengekspore,Negatif
gak jelaspadahal gak pakai fitur bayar gak expor vidio edit sekalimana masuk mental mulu iklan penuh maf sya unistal dah nyesel,Negatif
hilang iklan nya gak sih ribet amat pake acara iklan,Negatif
aplikasi sih bagus rang aja iklan,Netral
download tpi pas hapus gak download tpi tetep kasih bintang bagus banget hasil nya,Netral
situ bayar fitur pake bayar fitur pas byr tuh eror pake saldo saldo gak pas coba beli eror tlg kembalin saldo aku plc,Negatif
bayar,Negatif
aplikasi bagus bnget edit foto kece aplikasi asik bngt gak bosen tonton coba tample kasih bintang,Positif
menginstal nungu tolong dongdi perhati,Negatif
langan kasih diskon user,Negatif
aplikasi nya bagus banget saran lot biat foto cakep cantik glosy gitu,Positif
bagus banget suka pakai,Positif
bkep,Negatif
tolong baik capcut nya masak bentar masuk ngelek gak geser geser template nya buang aplikasi masuk kalo kayak gitu capek masuk tolong baik capcut nya,Netral
suka sih template nya tpi pake amalight mation tpi capcut sma alight mation bagus,Netral
seru nya suka,Positif
bagus,Positif
aja bayar lag sinyal simpan aman kacau dah,Negatif
alas premium,Negatif
bantu,Negatif
aplikasi nya bagus iklan pro,Netral
turut aplikasi seru,Negatif
kasih tombol pilih capcut klik ribu video,Negatif
eror gak diplay template nya,Negatif
dikit dikit pro dikit dikit pro kayak utang nya banyak aja,Negatif
kalo aplikasi kasi bintang kasi gak ngasih tau kalo trial nyoba gratis tibatiba mungut biaya ewalet capcutnya gada ngasih tau guna kalo trial coba gratis pro gua makan mie gua doain aplikasi developer nya bangkrut masuk neraka aja gua,Negatif
bagus banget btw kumplit templat nya loh,Positif
aplikasi nya bagus banget,Positif
bagus iklan yaudah gapapa,Netral
aplikasi buka android,Negatif
tolong kembali filter scenery editor foto,Negatif
tolong suka aplikasi nya tolong baik,Positif
capcut bagus bikin video yang download silah,Positif
sakit pro kikir ultra pro max ekspor kualitas bayar gratis dasar kek bahlil menteri esdm,Negatif
aplikasi kikir dunia,Negatif
bagus,Positif
mending,Negatif
capcut nya hapus karna suruh download aplikasi ajar pas download gak kirim saran coba coba banting ayo butuh capcut pengin main capcut lagi ayo download lagi,Negatif
aplikasi eror nya pas ngedit bayar tolong baik uang doang sat,Negatif
iklan,Negatif
langan tagih bayar november tagih cung,Negatif
aplikasi dri ngedit psti ngecrash bkn ngeleg loading asli klo ksih bintang mah dah update,Negatif
aplikasi rugi main main potong saldo aja apikasi gopay,Negatif
ngedit banyak filter nya bagus semua,Positif
iklan kadang iklan judol,Negatif
ubah vidio,Negatif
aplikasi haram kikir iklan burik bat gelo bentar iklan bejibun dah gitu kagak tombol silang mikir kids aplikasi kikir bat dah mentang mentang dah kenal kikir dlu pas gak gin bjir mikids kir,Negatif
bayar bayar gak perme males,Negatif
bagus lucu,Positif
aplikasi gak udah pake enak tingal ngedit bayar iklan banget nambahin lagu bayar ngotak dikit auto uninstal aplikasi,Negatif
aplikasi anjink gak ngotak progak yang download pro,Negatif
bantu mngedit poto,Negatif
lumayan baik,Netral
pro mulu buzetud jam nungu ekspor gbisa whtno banget,Negatif
pas mng espor banyak iklan banyak terus iklan nya,Negatif
kebelet haji boy standar kngen capcut yang gak usa standar napa kebelet haji,Negatif
gak buka,Negatif
udah isi pulsa ribu pulsa potong langan capcut langan nya batal pulsa kembali,Negatif
bagus bngt,Positif
bagus,Positif
bagus yang versi baru,Positif
bagus efektif gedit,Positif
aplikasi buat kebelet haji kayak serba premium taik,Negatif
aplikasi download,Negatif
jiancok ngekspor aplikasi,Negatif
tolong teks ucap dewi icha dola gratisin aja kali suara text aja bayar bayar tpi gin kalo bayar aja pas ekspor bayar mending suara text ucap gratisin aja suara yang bagus bayar minimal gratisin,Negatif
aplikasi fitur fitur pro gak gratis paling yang gratis dikit doang jelek jelek fitur nya pas edit tambah lagu galeri pro bayar font bayar kualitas vidio bayar kalo pro proin pas rekam suara filter suara nya banyak pro buka dikit sedih capcut update kacau tolong capcut nya pro,Negatif
sedia capcut lite min,Positif
cap cut vidio ditempelin foto gerak batas kayak frame gitu tolong balikin kayak ful layar gerak foto yang ditempelin vidio kasih udah kayak tempel foto nya,Negatif
msalah,Negatif
woy bgs banget,Negatif
iklan akanmengedit,Negatif
aplikasi nya sih udah bagus template nya bebayar kasih bintang psti aja bug muncul emang gak vip eskpor template nya beda inti standar kasih bintang mohon baik bug nya template stndr nya tolong sedikit kasihan orang orang gak bayar,Negatif
banyak bayar sulit buka aplikasi,Negatif
bagus sih ane,Positif
tulis template pas upload tiktok gabisa apus malas kalo ngekspor,Negatif
gak akun nya kali akun nya baca gak,Negatif
kikir banget gak pir editor,Negatif
gak,Negatif
aplikasi nya bagus,Positif
bagus banget gaes kenal nama ulpa arapah adik nya alf muhaemin,Positif
poj,Negatif
bagus,Positif
gak donglot,Negatif
tolong balik dana nila sedot otomatis mohon bantu cipta aplikasi capcut butuh banget dana,Negatif
puas,Positif
tolong kembali uang,Negatif
aplikasi kikir gak kek dlu,Negatif
tlong gsh pake standar standar anj,Negatif
aplikasi nya sangat bagus ngedit foto dengan cepat ribet,Positif
bikin cepat ngedit vidio,Negatif
bagus bangrt,Positif
iklan mulu,Negatif
bagus,Positif
bagus,Positif
dah dolot donlot ulang lol aplikasi ajg hbaisin kuota gua,Negatif
ngekspor suruh nontonin iklan aneh banget,Negatif
bgus,Negatif
aplikasi maling kembali uang henti langan saldo potong aplikasi sampah,Negatif
aplikasi jelek,Negatif
sedikitsedikit bayar pelit harap fiturfitur bayar dasar kikir,Negatif
aplikasi aja alias jelek banget cui,Negatif
wqrt optik kak,Negatif
udah bagus bang,Positif
aplikasi emang sagat bantu,Negatif
gak bukak aplikasi nya susah bnget,Negatif
bagus banget,Positif
mantab asik,Negatif
cakep,Negatif
capcut ngelag selesai edit eror jdi hrus restar dlu normal iklan yang bkin ngehang aplikasi nya kesel jdi nya,Negatif
hasil foto jernih,Negatif
suka banget aplikasi,Positif
bagus bantu,Positif
bagus,Positif
kesini gajelas bug,Negatif
jelek buka,Negatif
asu,Negatif
bagus ngedit foto,Positif
bagus bikin vidio simple,Positif
bantu kerja skrg fitur gratis sedikithrs alih pro,Negatif
apknya bagus,Positif
kikir aje cut,Negatif
bagus,Positif
dana sedot capcut udh refund tolak mohon kembali uang krna sengaja bel,Negatif
hai hilang ekspor tanda simbol iklan ekspor tonton iklan mohon hilang iklan ngexspor nya bikin ribet ekspor aplikasi nya beranda terima kasih tolong update baik,Negatif
bayar ngeleg pakai data memori gak,Negatif
bagus,Positif
premium,Negatif
iklan gak kali asa gak gitu,Negatif
sunguh nyaman aplikasi,Negatif
eror mulu,Negatif
capcut njelehi gak,Negatif
tibatiba bayar,Negatif
curi saldo dana,Negatif
iklan yang,Negatif
keren,Positif
kasih bintang krna aplikasi nya lelet,Negatif
gak enak sumpah bet bayar gilir dah bayar gak ekspor nama koropsi dpr capcut komtol,Negatif
capcut kebelet haji ekstrak audio bayar kebuacot kon,Negatif
capcut the bhest,Negatif
kenapa bayar pas export,Negatif
mantap,Positif
kode ngebajak capcut,Positif
mantap aplikasi capcut tingkat efek prabayar,Positif
bagus konten,Positif
bagus banget banget,Positif
fitur fitur capcut hilang ntah apa pakai hilang susah ngedit guna tolong fitur nya kembali,Negatif
karna gak instal,Negatif
sesal update,Negatif
iklan judol save video trus iklan gak henti henti gada tanda silang nya tunguin sampe gada tuh tombol silang tolong iklan wajar,Negatif
gak tau akun capcut yang udah pasuk level langan bayar aplikasi capcut gak masuk sampe bikin akun lgi masuk aplikasi capcut dri nol lgi,Negatif
keren banget cap cut,Positif
bagus aja,Positif
anjing iklan open aplikadi ngehang kadang ngebug iklan samsung,Negatif
bagus,Positif
bagus aplikasinya pokonya the best banget yay hapy banget pokok,Positif
bantu,Negatif
bayar serakah,Negatif
aplikasi retart aktifin fitur lirik otomatis ama ekpor aja pro retart,Negatif
alah tolong balikin dana ngak uwang makan astaghfirulah,Negatif
bayar lagu yang gak mausk,Negatif
iklan edit lag,Negatif
tolong iklan tiga nya kecil iklan lazada bikin ribet,Negatif
bgus,Negatif
tolong capcut gimana nya sengaja tekan langan dana sedot otomatis sebasar tolong kembali dana karna susah uang tolong kembali,Negatif
sayang edit foto tolong buka capcut nya susah buka capcut,Negatif
aplikasi kebelet haji,Negatif
aplikasi iklan serba pro najis hok cuh,Negatif
bagus kentang sya cepet panas,Positif
kikir brutal bisa kalah kikir ajg,Negatif
bagus,Positif
bagus,Positif
iya,Negatif
bgus downloadnya mkek,Negatif
apa premium,Negatif
tolong baik vidio nya muter,Negatif
bagus iklan,Netral
bug ilang nya yang zom doang,Negatif
aplikasi eror,Negatif
kurang nya karna banyak iklan,Netral
capcut aplikasihnya bayar tah,Negatif
iklan make enak gak bnyk iklan skrg dikit iklan shope anj terus iklan muak banget,Negatif
banyak iklan ekspor aja ribet iklan terus hilang edit butuh sabar ekstra,Negatif
bagus,Positif
afk gagal total afk anak ngedit photo tara dengat haji jalan kaki maf afk jng instal nyesal dikit dikit bayar dikit dikit loding asli parah nyesal dounlowt nya,Negatif
kendala gue kalo masuk tuh suruh daftar tapi kaga daftar eror kaga tanda kembali nah kendala gue alami sedi kaga bisa ngedit hiks,Negatif
bayar hulah eror,Negatif
aplikasi anjgua ngedit ngestuck mulu anj tolol bangsat,Negatif
tolong betul cupcutku gagal ekspor tanda air,Negatif
parah babget skrng,Negatif
sanget nyaman pake gak sesuai foto potong kecilbesarkan foto,Negatif
item suka sembunyi cari kait nya,Positif
bagus mantanp,Positif
ngedit fidio bayar tau bayar berpa klo udah pake bulan,Negatif
bagus suka bikin vidio,Positif
capcut tolong besok login akun ajar fitur trimakasih,Negatif
tolong saldo dana sedot nila rbperak,Negatif
okelah ngedit aja hrus pro kemaren gak pro kbnyakan pro dikit dikit pro yng gak banget,Negatif
kadang suka patah patah jaring lag asli bagus,Positif
aplikasi anjeng gua lemot anjg,Negatif
bayar solusi capcut langan sdh chat bantu balas aplikasi,Negatif
skrg fitur bayar suka eror,Negatif
suka iklan pas iklan mas nerima aja yang bikin marah kesel karna udah selesai tingal download otomatis iklan kali pas pencet iklan aja kaya iklan biasany kaga pencet pergi downloadpadahal gak download game yang iklan bawa download pas mah gak papa ngulangi kali anjr sampe nang sampe kesel nya mohon baik,Negatif
capcut kek anjeng bayar emang aplikasi babi,Negatif
suka aplikasi fitur fitur keren aplikasi,Positif
gajelas bangat anjir dah ratus suruh coba,Negatif
bagus aplikasi nya,Positif
expor eror mulu ajg,Negatif
instal,Negatif
masak bayar sih,Netral
aplikasi mantap banget yang sad tolong baik bye bye,Positif
tibakeluar ram gede,Negatif
template yang diamond nya download pke iklan jngan bayar nonton iklan jatohnya bayar,Negatif
aplikasi gila dikit dikit iklan rangin,Negatif
gak pasang gelapbug,Negatif
lot,Negatif
gak bis buka pas download video,Negatif
singkat buagus buanget,Negatif
tarik,Negatif
capcut kocak udh bikin vidio berjamjam tugas sekolah pas ngetik teks tbtb lot trus abis gabisa masuk kocak kocak benerin dlu bug capek tau jam jam ngedit klo ahir ahirnya gin udah nguras energi nguras pdhal memo mas lag gin capek unistal ajala gaguna,Negatif
susah susah ngedit download suruh bayar gak gin dikit bayar pake bayar thanks,Negatif
tolong fitur gabung elemen kayak gabung teksoverlaystiker elemen versi mobile fitur,Negatif
eror dikit bagus banget loh,Positif
cok,Negatif
gak buka,Negatif
layan operator nya bagus bantu cuman minus harap slow respon min cuman jujur bantu slow respon,Netral
fitur bayar capcut manis,Negatif
bagus,Positif
aplikasi editor sampah efek bayar efek kagak bagus bayar stabilizer bayar bayar gabung pro sampah pokok nya download sampah cuih,Negatif
udah instal ngak,Negatif
bagus sesuai,Positif
smalantang simalenteng melta hamble melpa,Negatif
edit fitur ekspor bayar,Negatif
capcut kadangkadang dwonload,Positif
fitur yah pokok yah bagus banget deh foto cantik bagus,Positif
bagus buanget,Positif
bagus cangih,Positif
gak luh gak pasang,Negatif
aplikasi bagus lot kalo vidio pakai iklan bagus aplikasi,Positif
tidk bagus layan buruk,Positif
bantu template template,Negatif
gimana pro wakil orang marah karna fitur pro,Negatif
jelek,Negatif
kikir najis download aja nya gede,Negatif
bagus,Positif
aplikasi bagus,Positif
fajar,Negatif
god,Negatif
bantu,Negatif
tarik buat video mudah,Negatif
balikin duit gua dana beli aja kagak,Negatif
aplikasi yang bgs edit nya bgs and keren,Positif
kasih bintang suka fitur fitur capcut,Negatif
bagus susah bagus,Positif
bags,Negatif
tolong capcut tolong batas ekspor gratis pas video batas gua ken konten kreator dah habis ngebug pas ngatur hsl dah aja,Negatif
aplikasi bagus edit vidio kendala ram nya kasi nya ram download aplikasi ngak ngelag mohon admin turunin ram,Positif
kikir dikit dikit iklan fiturnya banyak premium,Negatif
pande pakek standar,Negatif
lumayan leg,Netral
ngebug,Negatif
kebelet haji ngelag banget banyak iklan kocak lazada shope banget yang bayar mentang mentang famous,Negatif
aplikasi bagus,Positif
instal kenapa gak bagus banget tolong baik,Positif
apl bagus bagus kalo kek kondisi fitur premium tiap yang premium nga kek yang premium bagus yang hujat tolong komentar komentar orangorang biar fitur premium hilang karna udah guna aplikasi nga tolong baik kek bug aplikasi nya cek kalo bug kek ngelag gitu,Negatif
sekrang,Negatif
lambat banget iklan,Negatif
aplikasi kebelet kaya anj kalo duit fitur mantap bagus tarik guna tolol,Positif
edit seru fitur keren,Positif
mantap,Positif
bagus banyak bayar,Negatif
kebelet haji bikin aplikasi,Negatif
mantap,Positif
pelit udah bilang peras iklan nya bejibun buset,Negatif
bagus banget tampa aplikasi ngak trimakasih capcut,Positif
keren banget,Positif
capcut udah senang banget timur,Positif
aplikasi tolol pakai mending pakai aplikasi,Negatif
capcut bagus,Positif
poko suka banget aplikasi nyaminusnya nya,Positif
suka capcut nya karna templatyang tarik,Positif
aplikasi bnyk bug,Negatif
capcut skrg bayar klw ngedit,Negatif
bagus banyak pro,Negatif
exstrak audio suara bayar templet bayar efek bayar ngapa gak nya aja bayar donlot juga bayar ceper kaya kelok kek gitu wkwk tolong gak kasi orang orang bayar uang tip saraninsemua donlot capcut pindah,Negatif
bagus,Positif
min tolong uang kembali transaksi otomatis,Negatif
perna pakai aplikasi suka nya,Positif
org ngedit tbtb layan standar capengedit anj,Negatif
foto hilangpokok nya gak bagus,Positif
eror,Negatif
capcutini iklanya rang gak,Negatif
gak ekspor vidionya udah aplikasi macet gajelas iklan tolong baik capek nonton iklan gak kelar,Negatif
yang pro bug iklan nga banget deh,Negatif
bagus,Positif
byk kali abis ram byk simpan,Negatif
hasil nya bagus,Positif
udah serba bayar bingkai bayar,Negatif
bagus mrmoriku penuh hapus,Positif
suka pakai aplikasi,Positif
gak beli premium pas pake template patah patah hitam nya tolong pelit pindah alight motion,Negatif
bagus fitur nya,Positif
bgus,Negatif
aplikasi kikir,Negatif
pls fix lag,Negatif
gak download njier gimana downloadnya dah udh download bilang ruang simpan memo gak penuh dah,Negatif
mentang mentang udah sukses pro pikir makek sampe sukses enak pro jembut jembut guna capcut kecewa iklan plis kikir cuih mending alight motion bayar ngotak emang bagus hel makan duit pro kecewa ama kalo pro oke nambahin audio aja pro njir,Negatif
keren,Positif
mantap,Positif
tolong kembali uang tarik otomatis dana mohon kembali butuh nya knpa langan otomatis guna harap hati,Negatif
nonton video,Negatif
bagus nya,Positif
aplikasi bagus suka,Positif
aplikasi nya suka buanyak banget bug nya asa berat banget nih aplikasi tolong baik bug nya,Positif
mng unduh tolong baru capcut,Positif
capcut plis bisa,Negatif
tes,Negatif
kak gak nya aja,Negatif
banyak iklan,Negatif
bagus trend ajar,Positif
saranghae,Negatif
maf bintang bagus bagus defelopernya turunin gak nya gak didowlod androit yang udh,Negatif
capcut eror vidio udah dwonload gak simpan ponsel,Negatif
iya sieh bagus tapi gak hilangin iklan ram pas mau upload tibatiba gak mohon please,Negatif
seru senang kan,Negatif
kayak taek,Negatif
seru,Negatif
kadang loading nya internet bagus,Positif
gimana iki gini,Negatif
aplikasi nya guna bnget,Negatif
buatin versi lite biar gak lag,Negatif
izan,Negatif
cacup mengunakan template bisabelum media plis gin mengunakan aplikasi capcut udah gajelas plis baik,Negatif
lumayan,Netral
bagus sih aplikasi bantu,Positif
eror dah,Netral
capcut ngurasnya banya lali suka,Positif
didownload diapain dientd,Negatif
capcut dikit kalo ekspor hilang tolong baik,Negatif
mantap,Positif
diyan diy,Negatif
jos,Negatif
ekspor pas post sosial media blur,Negatif
cakep,Negatif
aplikasi ngak bagus,Positif
tolong dicapcut tulis batal langan saldo kredit gitu gak langan kayak capcut gak sengaja otomatis langan deh plis dicapcutnya tulis batal gak langan pro pas cek tagih gak takut tagih,Negatif
iklan bantu wabup kau,Negatif
suka ngelek sndiri,Positif
bagus,Positif
bagus,Positif
tolong kembali dana nila,Negatif
jamin bagus nyaman,Positif
apansi iklas sampe menit balikin kayak dulu kga jelas,Negatif
potong klip otomatis muncul menu pro sedia bayar mahal,Negatif
capcut,Positif
mohon bantu kembali dana transaksi tampa tuju,Negatif
bagus,Positif
insfirasi,Negatif
dikit iklan iklan gak kayak gin kesel banget baik iklan melulu,Negatif
bagus,Positif
aplikasi premium,Negatif
keren der pake ngonten,Positif
capcut iklan,Negatif
nya tarik bayar,Netral
turunin nya capcut mendownlod capcut soal nya,Positif
iklan nyed,Negatif
aplikasi bantu template trend viral,Negatif
aplikasi taik bintang layak,Negatif
pro mending tobat dah,Negatif
mantap apknya lancar ajamoga gratis nya fitur nya,Positif
ahir ahir gua gak edit template nih capcut tolong baik respon cepat,Negatif
capcut bagus banget ngedit,Positif
iklan bikin pusing,Negatif
bangus aplikasi pake bayar,Negatif
simpan vidio galeri,Negatif
capcut asu nya berbayarorang asik ngedit video bayar aplikasi tolol,Negatif
capcut bayar aja ngak gitu tingal ngedit lah bikin kesel tambh iklan nya banyak banget capek banget,Negatif
capcut bagus banget hasil keren bagus hasil edit nya,Positif
bagus,Positif
guna,Negatif
aplikasi kikir aja jadin pro aja fitur pakai pro gak premium,Negatif
saldo sedot sepengatahuan tuju langan yearly subscription aju refund tolak saldo refund sesuai nominal sedot,Negatif
kebelet haji,Negatif
bagus banget udah ngeliat,Positif
maf yah capcut yah fitur bayar bikin merosot aja nih plis tolong suport donk pro bug rindu capcut,Negatif
update lelet tegang aplikasi pake versi aman aman aja kemaren,Negatif
aplikasi jos jis,Negatif
kebelet haji pro pikir kaya mending alight motion aja pake aplikasi kebelet haji,Negatif
kikir,Negatif
iklan,Negatif
capcut apak kenapa skrng byr mohon prbaiki,Negatif
bagus,Positif
bagus suka nama tiktoknando nama asli,Positif
kebelet haji,Negatif
bikin video aesthetic gitu,Negatif
aplikasi,Negatif
kikir anying iklan nya,Negatif
ngk ngedit susah,Negatif
bagus,Positif
test,Negatif
gak iklan nya hilang iklan mulu capek gue liat iklan mulu buka dikit langsung iklan udah selesai video langsung iklan nyimpen video udah bint iklan,Negatif
bagus ubah vdio kasih bintang,Positif
dikit iklandikit prabayarngekspor nonton iklan langsung pindah aplikasi oren bulak capcut pas eskpor sampe eksporkaya dipksa langan biar nikmat edit dulu aja,Negatif
gak download cok,Negatif
bayar,Negatif
coba bosq,Negatif
kikir ajg,Negatif
bagus,Positif
oke bagus,Positif
bagus terimakasih,Positif
oke best tol video editor,Negatif
susah donwload diplaystore,Negatif
gak enak pake aplikasi pas iklan langsung cari template hilang deh yang edit plis hilangin fitur iklan gitu,Negatif
nonton iklan ngedit video ngak kayak,Negatif
mantap banget iklan nya,Positif
lelet,Negatif
jelek,Negatif
kesini gak udah pro fitur ilang sakit,Negatif
bagus inspirasi edit vidio fitur,Positif
capcut bagus pro pro nya hilang tanda diamond pro nya aplound youtube tolong baik pro nya hilang suara amelia tolong capcut tolong banget,Netral
nic,Negatif
iklandan bayar jelek betkau haji capcut bayar bayar,Negatif
bayar gak donwload aplikasi nya buruk jelek aja rintis gratisin hadeh,Negatif
tolol,Negatif
medonlot walwpun mengapus penyiapnan,Negatif
sikap sopan,Negatif
bagus,Positif
rasa bagus sih,Positif
aplikasi banyak bayar padahal trus kalo ekspor iklan padahal moga aja depan gak gitu tolong baik,Negatif
capcut editor vidio klip,Negatif
baik,Positif
bagus banget bikin jedag jedug masuk tiktok bagus,Positif
ngelunjak aplikasi udh mending gak pakai aplikasi mending pakai aja ngelunjak,Negatif
download aplikasi capcut gagal masalah,Negatif
kepiting kikir,Negatif
bagus,Positif
edit nya keren syh suka aplikasi inici,Positif
mendownload aplikasi,Negatif
bagus cocok bikin konten,Positif
kenapa sih ngedit ngelag mulu video nya udah hapus download bersihin memori,Negatif
jelek,Negatif
mantap,Positif
gak otak aplikasi ngekspor doang suruh bayar mikir napa guna tuntut bayar trus ngotk bikin aplikasi,Negatif
asu uninstal bayar cok,Negatif
banyak iklan bikin lot udah iklan mlah gajelas bikin emosi doang,Negatif
smua serba bayar,Negatif
suka capcut,Positif
aplikasi gblk gak bug nya iklan tolol,Negatif
pake mingu udah ngk ngedit layar hitam aja,Negatif
bagus begete,Positif
tida bgus,Negatif
update project hilang template foto video muncul tulis media,Negatif
keluh kesah gue developer tolong pro gratis dulunya pro dev gue ngedit nyari efek yang gue pake pro ekspor audio batas make iklan semua bug iklan ngelag efek gratis lebih pro semua iklan alahu developer tolong balikin efek gratis dulukurangin iklan blm template ngebug kalo aplikasi yang gantin aplikasi udah gue uninstal cape makas,Negatif
bantu mwngedit video foto,Negatif
kadang,Negatif
ngedit foto pers skrng jelek bayar,Negatif
bagus senang degan aplikasi,Positif
banyak pro nya tamak bet aplikasi,Negatif
bagus nyatapi bnyk yang pro bikin helisah banget gak puas ngeditnyajuga selesai edit gak masuke galeri bayardulu sepi gada tuh yang pro pro,Negatif
lot,Negatif
bagus,Positif
alay dikit bayar,Negatif
iklan,Negatif
aplikasi parah sih bikin eror kadang layar gak sentuh parah poko,Negatif
keren,Positif
nice,Negatif
jadi banyak banget iklan hrus nonton iklan detik,Negatif
bagus,Positif
capcut mbokne ancok sitik pro protol untumu cok,Negatif
plis uang obat orang tua gak tau potong dana,Negatif
aplikasi kikir enak fitur gratis serba ribet,Negatif
burik,Negatif
udh bgus yng pro,Negatif
aplikasi makin sulit penguna nya wow malh efek berlanganan,Negatif
nga,Negatif
bakul iklanfitur bayar,Negatif
tolong saldo langsung potong aja,Negatif
banyak iklan bagus,Negatif
bagus lengkap,Positif
karna super super bagus,Positif
banyak iklan gak eksport,Negatif
gak download template edit,Negatif
nih aplikasi kalo nga pro cuman aplikasi kentangiklan mana pantek,Negatif
gabisa ngeskpor,Negatif
ngehank mulu,Negatif
bagus,Positif
bagus,Positif
bagus menye nang kang,Positif
pdahal download play store pakai suruh download resmi play store gak resmi,Negatif
iklan abis suka bag,Negatif
sngt bgs trlu besr,Negatif
aplikasi tai,Negatif
guna edit projek projek,Positif
iklan,Negatif
bagus,Positif
jelek,Negatif
jelek,Negatif
bagus,Positif
aplikasi nih bagus video edit suka aplikasi nih,Positif
jelas,Negatif
bayar aman aman aja gratis buka nyobain bayar,Negatif
capcut asw aplikasi ngeleg men jembt,Negatif
bagus,Positif
bagus iklan nya terus lot,Netral
iklan nya bet,Netral
update lot aja nihgak kaya pas,Negatif
capcut gak download,Negatif
kasih rating bintang maf kalo capcut nya turun kek kasi orang yang ram nya,Negatif
mantap,Positif
aplikasi gak jelek banget kalo dipake nge bug mending hapus aja deh fitur gak sah kaya gitu kalo pake capcut tangap bolak biar gak dasar aplikasi bodohg suka cuman menuhin memori doang fungsi pke aplikasi pokok,Negatif
aplikasi bantu edit vidio,Negatif
capcut edit keren,Positif
bnyknyg bayar,Negatif
bagus edit vidio,Positif
aplikasi kikir efek pro prasan gak pro yang pro,Negatif
lumayan pake kalo udh mengeksplor,Netral
lumayan guna,Netral
dikitdikit iklan suka hilang foto nya,Negatif
aplikasi anjg ken update gak alas,Negatif
apl bagus sih tolong ringan apl ram nya ram berat main capcut sekian terimakasih,Positif
testing gan,Negatif
editing mudah penuh manfat sukses,Negatif
aplikasi bikin jengkel habis kuota internet ekspor selesai galeri gak sial,Negatif
aplikasi buruk sengaja sadar langan saldo seabank potong aju kembali dana jam transaksi capcut sedia bantu uang,Negatif
aplikasi orang miskin cari uang aplikasi simpel aja skarng smua bayar nyesal donlod aplikasi sampah gak aplikasi,Negatif
karen iklan dak bayar,Negatif
ngak dinstal,Negatif
aplikasi tolol gwe edit poto muncul poto nya pdahl galeri ada,Positif
bagus,Positif
tau posting komentar,Negatif
mls update bikin memo gtw mod,Negatif
mendownload nya nian,Netral
bagus banget,Positif
hasil bagus edit pas,Positif
aplikasi bagus bayar,Positif
aplikasi chanel youtube rame saran pro,Negatif
bagus tpi dikit bayar plismau ekspor vidio template aja bayar,Negatif
mantap bantu aktivitas bayar lancar,Positif
bagus banget,Positif
seru,Negatif
capcut nya gak buka pas pencet lgi mode gimana,Negatif
puas,Positif
banget pro,Negatif
bagus gampang fitur efek pro gak beli fitur pro sih beli batas mahal fitur efek doang gratis karna pake capcut pake fitur efek pro modal modal uang karna orang beli gapapa kalo fitur pro nya udah beli gak batas gak beli,Negatif
aplikasi bagus kalo pake teks spech gak sinkron teks audio ngerapin kalo pake image video watermark hilang mohon fix,Negatif
kmrn sempet blm update gak gnitpi udh update suka kluar apl nya oke mantap,Positif
iklan dikit dikit iklan,Negatif
aplikasi malingak transaksi saldo sedot dasar maling,Negatif
adminya haji nihmasa bayar gile,Negatif
wkwkw kebelet haji nge ekspor aja nonton iklan,Negatif
capcut kapitalis make pro,Negatif
ken fitur yang premium durasi klip susah proses bikin susah tolong timbang developer,Negatif
jing nyedot dana pan tek tolong baik gak main pas otomatis standrat pas liat dana sisa,Negatif
bagus ngedit,Positif
bagus mendowlod capcut,Positif
buruk gak instal,Negatif
bug,Negatif
gak seru capcut skrng pas ekspor banyak iklan gak ekspor,Negatif
iklan nya ngajak ribut,Netral
mantap aplikasi nya,Positif
oke,Negatif
bgs bayar bagi gak pake bayar coba capcut,Negatif
download,Negatif
wow banget,Positif
bagus bantu baget,Positif
seru,Negatif
capcut kesana kesini iklan bentar iklan bentar iklan gak selesai ngedit,Negatif
susah didownload memori udah nginstal kuota tetep kuras sebel deh,Negatif
aplikasi lumayan bagus kasih bintang,Netral
kikir,Negatif
capcut kere bayar ambil templat bayar nih capcut bayar uang ribu habis karna pencet bayar,Negatif
make template video aneh kayak efek gak masuk gambar burem lainlain mohon baik,Negatif
aplikasi bagus sih tolong bilang edit bayar oke,Positif
bagus,Positif
bagus banget praktis klo ngedit ksh premium fre min its realy god its practical you want edit give fre premium version min,Positif
konten bagus klo konten susah kalo udh selesai baik konten bagus,Positif
smua aja bayar pergi haji kek capcut ekspor nonton iklan jga enga kecewa berat terimakasih,Negatif
game jelek udah iklan,Negatif
diupdate bukane soyo lancar lot,Negatif
dana ambil sembarang jancok pecah mudah pler,Negatif
gin,Negatif
plis coba iklan nya kurangin,Netral
cap cup asu cok fancok celeng ikal yerus banyar,Negatif
suka fidio bagus,Positif
cantik,Positif
iklan nya,Netral
aplikasi capcut nya ngak buka ngelag tolong baik,Negatif
tolong tangap orang kritik sepenuh salah,Negatif
capcut cnya cangcut premium konton,Negatif
langan tagih,Negatif
versi aplikasi aman unduh aplikasi baru nyapas klik gak download,Negatif
iklan,Negatif
bagus,Positif
download iklan senonoh dasar,Negatif
suka banget aplikasi nilai bintang fitur bayar dikit iklan,Negatif
penuh butuh capcut gak template gitu bikin akun capcut gak,Negatif
bagus banget minus nya simpan banyuaktapi ngak bagus buanget aplikasi nya,Positif
capcut nda ngedit foto capcut tolong bagus capcutnya,Positif
bayar terous,Negatif
males bet aswu kesini kek gak niat update anjir jaring bagus template kaga nyala nyala aswu diem bae gak kali kali uda suw berani komen sekrng template nya gabisa putarnyala nya suw asuw,Negatif
bagus video suka pokok bagus banget deh,Positif
guna banget,Positif
parah banget ekspo vidio bayar inisih ampo aplikasi rakus uang jelek banget,Negatif
gak beli,Negatif
aplikasi keren,Positif
nya pro kasih bintang,Negatif
gua gak download jir,Negatif
bagus,Positif
fitur bayar sukses aplikasi capcut lepas guna cari untung lihat gimana hancur aplikasi mikirin uang mampu konsumen,Negatif
bagusw,Negatif
muas,Negatif
bagus banget,Positif
tekan vidio baru capcut usang tekan baru coba tekan baru capcut usang gaya baru,Negatif
jelek banget fitur bayar aja saldo kuras,Negatif
cocok edit bagus,Positif
update gua,Negatif
keren buat lambat ribet enak gemini langsung,Positif
gak premium gak ngapangapain,Negatif
yuka,Negatif
bgs,Negatif
lot banget aplikasi nya udah download tpi gbisa buk gamuncul aplikasi nya layar,Netral
plis tibauang dana potong yalah kembali uang itu uang mama tbtb potong tahu yalah plis cap cut erti nya,Netral
adiputra,Negatif
iklan nya kek tai,Netral
hai,Negatif
ngde emb nya,Netral
hati aplikasi guysini aplikasi ngedit jahat guysaplikasi narik saldo dana tahu guys saldo dana hilang guys udah kerja aplikasi dana karna logika darimana tau nomor dana sandi aplikasi dana biarin tari nya aktivitas curiga gagalin dana aplikasi biarin aja,Negatif
gimana udah download capcut tungu banget udah selesai gak tolong gimana,Negatif
aplikasi udah bagus lkenapa tolong aplikasi barua,Positif
apl opo iki aja download udah suruh update gombal gombal gombal busek,Negatif
kikir banget kon,Negatif
capcut ngebug terus cok,Negatif
kesini bayar,Negatif
iklan,Negatif
aplikasi kikir,Negatif
bgo yang aplikasi asu,Negatif
bagus suka capcut,Positif
najis dikit bayar,Negatif
dana ilang gara capcutpadahal gapernah pake yang berbayarmna gada tuju duit ilang gitu aja dana gasuka skrng ajar gapernah ngajuin langan nge langan jijijik,Negatif
goreng,Negatif
apsi gjls banget,Positif
bagus banget mula gak tau ngem bang akun capcut,Positif
membantumenyempurnakan vidioyg tampil,Negatif
bagus banget aplikasi,Positif
kenapa didownload pdhal ruang bnyak,Negatif
capcut serutapi instal,Negatif
bagus banget,Positif
bagus,Positif
haru langan sih,Negatif
iklan,Negatif
pake standar gak uang hadiah pake edit vidio,Negatif
iklan ekspor nonton iklan udah mah suka nge unduh aplikasi yang iklan gabisa eskpor sulit guna sebar luas layan bikin guna nyaman please buka manfat hasil banding kualitas sulit,Negatif
suka ngeleg bagus sih,Positif
aplikasi mantap kasi bintang,Positif
tau,Negatif
aplikasi klklr dijadin pro fre trial suruh bayar gak banget,Negatif
bagus banget buat ngedit,Positif
aplikasi nya bagus tolong aplikasi nya berat banget handphone yang ram nya aplikasi nya yatolong nya segitu berat banget,Positif
aplikasi enak pakai edit,Negatif
sangat,Negatif
nya jlk iklan tingkat nya yang bagus iklan nya apus,Netral
aplikasi nya bagus,Positif
aplikasi yang bagus cocok yang ngedit template klo ngedit cepat ber jam jam,Positif
edit manual lelet aplikasi nya ngelag gak bnget pokok,Negatif
capcut nya gak buka,Negatif
bagus banget bikin editor ber lagu ultah lagu jawa,Positif
notifikasi nya aplikasi aman download plstore bug kah gak pake tecno spark,Negatif
aplikasi gak kebayakn iklan,Negatif
capcut kebelet haji ato gimana sih fiturnya bayar jir,Negatif
iklan nya mohon rangin,Negatif
bagus banget deh capcut ngeditin gacha bintang,Positif
puas aplikasi,Positif
lumayan bagusdan cantik lelet simpan nya gak muat sya ska,Negatif
bagus,Positif
bagus tapi nya bagi nya mohon turun lagi nya,Netral
singkat padat aja yah aplikasi bagus,Positif
bagus,Positif
aplikasi sulit ekonomi,Negatif
lalila,Negatif
keluh kesah versi baru yang utama aja bug kasi yang udah ngedit udh beres edit kena bug bikin pro tolong baik,Negatif
tau kenapa roblox hah roblox cepet ratu,Negatif
ayo donlot editor vidio juga,Negatif
ngawur aplikasi,Negatif
bagus cafcut,Positif
mula,Negatif
tolong edit poto kembali klu gak ubah hapus akun sistem edit susah,Negatif
tolong baik,Positif
iklan mulu,Negatif
bayar,Negatif
ngak,Negatif
skrang bnyak iklan sih pdahal dlu gak,Negatif
ngeleg ngeleg,Negatif
buka didownload,Negatif
capcut,Positif
bantu,Negatif
kesini lemotmau vidio aja lama gak suport aplikasi capcut,Negatif
bagus banget aplikasi,Positif
aplikasi najis,Negatif
tolong simpan aplikasi kecil gak cocok yang ram karna simpan nya bagus simpan nya banget terima kasih,Negatif
iklan mantap,Positif
aplikasi nya force close video,Negatif
fitur nya bayar,Negatif
aplikasi gaje minimal suruh langan konfirmasi akun ngk tau tau ngambil ribu tolol,Negatif
aplikasi tolol paksa langan fitur fitur yang dulunya gratis skarang premium fitur gratis bayar save hasil edit aplikasi tolol developer sampah,Negatif
iklan bayar may ekspor file aja langan standard,Negatif
bagus,Positif
pas eksplor iklan iklan pas iklan vidio ekspor,Negatif
aplikasi nya jalan download coba template tulis notice tida impor element tolong baik,Positif
kebelet kaya kikir,Negatif
iklan gangu,Negatif
aplikasi,Negatif
banyak yang iklan,Negatif
aplikasi ini bagus aku senang sat capcut dan saya bisa senang diri sendiri ampe gulinguling bintangbintang dari saya,Positif
gak save salah teknis mulu,Negatif
plis capcut kikir bngt najis,Negatif
jelek,Negatif
bagus banget fitur ngeditnya premium buset gua temenin ngelunjak,Positif
pls bayar,Negatif
maf kasih bintang satukarena capcut iklan fiturnya pro perbayarjadi konsep nya capcut uang jujur sih kecewa capcut enjoy capcut lamamungkin sekian suwon,Negatif
bagus,Positif
tibatiba potong kocak wkwkwk tibatiba langan,Negatif
suka aplikasi video rame,Positif
jelek,Negatif
bagus,Positif
aplikasi cocok,Negatif
suka,Positif
bagus,Positif
parah nie ngelek buka suka banget sama apkikasi nya,Positif
banyak iklan iklan durasi banget,Negatif
jelek,Negatif
gjls capcut gua pas ekspor kluar dri capcut bentar pas gua capcut lgi capcutnya kga pencet ngntd mls banget hrus ngulang edit lgi,Negatif
sangat bagus aku suka,Positif
cepat mengekspar,Negatif
bagus,Positif
aju refund beli nya sengaja uang nya kembali aplikasi sampah,Netral
aplikasi bagus,Positif
kikir,Negatif
hadeh,Negatif
puas,Positif
udah gajelas aplikasih edit foto muncul impor edit vidio tolong gimana udah bayar gajelas,Negatif
teuing,Negatif
fitur ber bayar,Negatif
aplikasi kikir espor suara bayar,Negatif
bayar padahal gratis jujur kecewa sih,Netral
aplikasi saldo gua sedot sama aplikasi asw ribu mna udh gua batalin mas gak saldo aplikasi ajing asuwq babi,Negatif
jelek,Negatif
aplikasi nyusahin udh capek nyari download lagu dijadin backsound file musik gak ketemu,Negatif
kren,Negatif
inlike,Negatif
suka bug berat banget,Positif
suka aplikasi nya,Positif
udah baru iklan,Negatif
kikir,Negatif
bayar gaje,Negatif
aok iklan tolong baik min,Negatif
akun ngk jelasmasa uang ambil danatiba langan ngk adakun ngk inijgn download,Negatif
bagus enak edit anime,Positif
banyak iklan dikit dikit iklan aplikasi bentar iklan,Negatif
bagus bangen mah,Positif
banyak iklan alih lazada lazada muluk trus skrng simpan capcut udah gak seru lagi,Negatif
muat efek ngestak jaring bagus,Positif
bagus,Positif
berulangkali kali take video ujungujungnya sendirimana iklanudah tonton gbisa simpan videosumpah sabar setip tisu tengkar take video kalimuak banget elahdulu gak ginitolong baik lahkurangi iklan,Negatif
sayang,Negatif
gabisa pake premium dlu,Negatif
kesini ngelunjak nambahin lagu aja pro hadeh,Negatif
baguscuman suka muncul notif engakengak aplikasi inigatau kenapaudah berkalikali kayak gin loh,Positif
kak bagus banget bagus vidionya update nya,Positif
halah,Negatif
iklan,Negatif
rugi,Negatif
sagat bagus sekali,Positif
docoba,Negatif
aplikasi tolol iklan ngehambat gun aja templet standar aja hrus prabayar tolol,Negatif
gambar edit gak,Negatif
aplikasi kikir,Negatif
menginstal,Negatif
kikir jir bayar,Negatif
jelek,Negatif
aplikasi sampah proyek video otomatis masuk pergi mana file nya rekomendasi,Negatif
jelek update bikin emosi masak tombol make template samain tombol keluar gila kali ngapain turunin udah bener gosah update dwh nyesel nge lag mau klo update bagus hadeh parah nyesel gua update gua uninstal aja,Negatif
payah sulit aplikasi payah,Negatif
iklan,Negatif
fitur subtitle langan pro,Negatif
bagus,Positif
aplikasi ngawur,Negatif
the best,Negatif
sumpah tuh bagus bnget tdi hapus kenapa gak download lgi yah gimana capcut,Positif
bagus banget,Positif
aplikasi nya jelek banget,Negatif
bagus cuman smuanya pro,Netral
gak instal,Negatif
kebelet umroh njing efek basic aja premium,Negatif
gabagus,Negatif
ganti bayar,Negatif
aplikasi kebelet haji,Negatif
cocok rena capcut ekspor tiktok,Negatif
aja,Negatif
mantap,Positif
kembali saldo dana woi,Negatif
capcut bayar bayar nya pakai iklan pakai uang bet iklan nya kalo iklan pls tolong semua nya fre bayar sumpah dah cap cut make nya anak jahanam,Netral
bantu,Negatif
aplikasi bgs gitu,Negatif
ngak ekspor video yang udah edit daftar sbg guna gratis daftar rolong baik terimakasih,Negatif
bgus,Negatif
suka asil,Positif
like,Negatif
woi kesi cewe gua ngedit nge ekspor suruh prem duludasar kikir,Negatif
puas,Positif
god,Negatif
aplikasi kikir iklan fitur mode pro mulu iklan bejibun kocak jangan dwonload saranin gudang iklan anying,Negatif
yng pro njs,Negatif
aplikasi kadangkadang suka eror aplikasi nya,Positif
suka aplikasi karna edit,Positif
capcut bagus editing aplikasi berat,Positif
nih aplikasi bayar,Negatif
hadeh iklan banget iklan harus menit kesini gancok,Negatif
aplikasi beda ekstrak lagu video aja premium expor template video nonton iklan,Negatif
bagus banget,Positif
kikir banyak kudu beli,Negatif
capcut manfat,Positif
suka ngelek,Positif
capcut salah aplikasi yang sangat suka karna lengkap murah,Positif
aplikasi bagus keren edit video template aplikasi bgus deh pkok nya,Positif
jlek,Negatif
lot jadinya asik,Negatif
plis capcut jan bayar kembalin capcut bayar fitur simple aja bayar coba kalo capcut bayar guna gabakal make capcut pindah aplikasi plis capcut kaya gin,Negatif
josjis,Negatif
gak masok anjg capek ngeksporny kek emng,Negatif
jelek kayak,Negatif
gimana sih masah make template aja bayar nonton iklan nyesel banget download gak gin deh,Negatif
seruiu banget,Positif
uang pakai bayar langan langan aplikasi cacat,Negatif
bagus,Positif
aplikasi asu,Negatif
capcut senang,Positif
capcut kunyuk anjg bgst saldo gua kesedot bencih banget gak langan,Negatif
bgus,Negatif
ngebugnya malas,Negatif
capcut pelit sekarangkenapa berbayaryaelah ngeribetin,Positif
busuk aplikasi ekspor aja kaga,Negatif
gak banget fitur langan otomatis eror kali nominal tolong,Negatif
gak langan,Negatif
iklan banget,Negatif
wow,Negatif
aplikasi tolol bayar anj,Negatif
bagus banget kalo habis medenglowod capcut gabisa buka gimana,Positif
najis gila ngelunjak aplikasi udah bayar eksplor iklan double udah nungu iklan eksplor buang buang najs capek,Negatif
kadang kadang suka ngelek gitu suka sebel capcup tpi suka kalo gedit tuh bagus reting yau dah segitu aja ako yang salah mohon maf besar yau dah segitu aja bay,Positif
bagus,Positif
download ulang karna bayar maksa banget suruh bayar nya rekam video hitam kasih bintang aja,Negatif
update mabok aplikasi,Negatif
suka aplikasi,Positif
tolong capcut nya baik gak edit nya kalo nungu,Negatif
capcut gak enakdikit dikit bayar,Negatif
jelek jijik,Negatif
aplikasi bawuk banyak fiturnya pake pro banga bangain aplikasi kaya gin woilah,Negatif
yah elah kacau kacau pake template pencet premium uji coba habis isi dana perlu pas pulang notifikasi bayar hasil gimana nih tolong dibantuin butuh,Negatif
fitur nya sedia guna bayar gilir pas udah bayar aja batas aplikasi kafir njir serakah banget temenku gak export video langan pas bantu team capcut eror pemberitahuanyapending gak response samsek email solusi gak sulit guna aja nya dengan untung udah gak langan,Negatif
bagus bgt,Positif
bagus,Positif
update berat aplikasi nya dah mah premium nya,Netral
nih bayar kalo downloadulu gak kayak gin capcut premium susah banget,Negatif
tolong kembali uang tarik otomatis nila sengaja pencet fitur langan mohon kembali uang butuh,Negatif
rusak aja mara emosi bro,Negatif
suka ngelag kayak template layarny item kali udh cape banget kenapa,Negatif
asa fitur gratis skrg premium elah aplikasi belah aja gak pelit murah premnya,Negatif
bagus tpi rangin aja pro,Netral
mantap bagus,Positif
capcut iklan gaseru,Negatif
kikir,Negatif
akun ilang video simpan mentang jarang pakai akun ilang pas update baru,Negatif
kesini susah pake aplikasi gak dikit bayar konyol auto unistal,Negatif
bayar mulu kebelet haji kah,Negatif
udh gak gratis pake fitur normal dont like,Negatif
misi budy tolong yang oke aplikasi mudah terimakasih,Positif
mantap,Positif
saldo potong rebu gmana inih,Negatif
kikir bet cap cut,Negatif
tolong aplikasi nya gabisa download,Negatif
kikir pelit banget dikitdikit langan dikitdikit suruh langan,Negatif
aplikasi kapitalis bayar iklanya,Negatif
gelombang video zom doang bilang bug tetep berkalikali,Negatif
gak,Negatif
woe ngk bisa lagi,Negatif
bikin leg,Negatif
bagus bngt ngnt,Positif
kebelet haji jadin pro gak pro udh instalnya suka ngebug nya pro gak banget anjir,Negatif
bagusbuat hibur,Negatif
capcut kikirpelit iklan poko capcut jelek bagusin capcut lagi,Negatif
bayar mlu anj,Negatif
lumayan bagus,Netral
saran kenapa gak dibikinapk bayar aja,Negatif
bagus,Positif
rame aplikasi aneh iklan mulu sampek muak iklan,Negatif
aplikasi nya kagak login pake pas login gak tulis login coba pake gimana bikin capcut nya kagak tolong baik,Negatif
tolong hapus fitur pro,Negatif
cntik,Negatif
karna suka edit capcut yang suka bayar ekspor cepat kaya kahdan gak suka ruang simpan gak penuh gak download sebel deh jdi gak download,Negatif
males bikin,Negatif
apik,Negatif
gak banget sumpah pake nyedot saldo dana langan gak gua aju,Negatif
tes coba,Negatif
bagus,Positif
bagus aplikasi puluh bintang lupa nya cuman bintang adu,Netral
langan tipu buset duit ambil dana udah batalin langan nya ngak balikin duit,Negatif
kikir njing niat aplikasi editing niat miskin pendownload kikir anjeng kek gak duit aja njing,Negatif
asalamualaikum,Negatif
dosa banget nipunya,Positif
buagus buanget,Negatif
bagus,Positif
aplikasi jembod opo opo serba bayar,Negatif
bagyus bngyet gilak kaya capcut pergi,Negatif
bagus mendownload capcut vidio,Positif
nama font cari susah bangetversi mobilemasa nyari font kepake aja nyari nya sampe pusing ngak ketemu,Negatif
bagus vidio viral,Positif
aplikasi nya bagus yang,Positif
capcut aplikasi,Positif
kalo langan gak informasi capcut nya kalo langan otomatis bayar langsung potong saldo masuk pin guna transaksi nyesel saldo potong ribu nyselnya gak pasu pin potong,Negatif
cocok jenis tanam,Negatif
bantu aplikasi capcut edit tampil vidio tarik,Negatif
cap cut ngelunjak,Negatif
berat alahuakbar,Negatif
aplikasi kikir kntl,Negatif
capcut macet,Positif
jelek aplikasi kebelet haji furoda serba pro besar cocok ram bikin memori cepet penuh putus unistsl,Negatif
aplikasi saran gua baikin aplikasi,Negatif
trimakasih capcut uang disposes kasih bintang karana proses ribet developer kembali uang trimakasih capcut,Negatif
pas ekspor uda nonton iklan iklan selesai uda pencet aja gabisa ekspor lag banget sumpah,Negatif
capcut gin,Positif
bagus,Positif
beriratingapliksin,Negatif
keren,Positif
lumayan bagus,Netral
iklan,Negatif
bagus bangetsatu dijadin pro nya,Netral
gacor kang,Positif
aplikasi bagus,Positif
capcut tolong edit foto tambahin kacamata gak kacamata ayo tambahin stiker kacamata editor foto plis,Negatif
capcut nya udah bagus sih yang gera mana yang hilang mana hah buang atu makan iya biangun deh,Positif
puas,Positif
kesini pro,Negatif
bagus banget udah intan ulang,Positif
aplikasi kikir,Negatif
banyak iklan bntr pas masuk udh iklan banget iklan dlu lama banget kesel deh iklan judol,Negatif
bagus banget,Positif
banyak bayar udah gak kaya jujur kecewa banget,Negatif
kretif,Negatif
sngt bgs,Negatif
karen kalo exspor iklan djlu,Negatif
fitur grtisnya tambah,Negatif
mantap,Positif
aplikasi jelek gabisa buka,Negatif
thanks you usaha developer aplikasi capcuteditor video,Negatif
bagus iklan,Netral
banget bug pro tambah ekspor iklan iklan kagak ekspor sunguh buang buang mentang mentang dah sukses jan enak,Negatif
aplikasi rampok dana potong otomatis tolong kembali saldo rana,Negatif
ken download gak bisa,Negatif
pake aplikasi cuman kaya iklan gtu kurang yah,Netral
pro nya iklan nya gak kaya,Negatif
huvg,Negatif
bagus bagus liat kiat bagus gak vidio lamabat gitu gimana,Positif
gak,Negatif
tdk download,Negatif
aplikasi nya iklan,Negatif
sih download gabisa ruang simpan udah kosong tetep gabisatrus muncul notif sih ruang simpan padahal udah bersihin,Negatif
aplikasi bagus aplikasi nya mudah,Positif
makasih capcut kalo gak gimana ngedit hahahahahahaha,Negatif
ribet,Negatif
bagus banget sih ngedit apa,Positif
capcut kesini nya udh gamau pake aplikasi bayar iklan gak kaya kasi anak ajar uang nya pas pas,Negatif
awala suka aplikasi nyebelin iklana,Positif
bagus ngedit tolong efekanimasi bayar tolong harga kasi orang gak capcut mohon capcut,Negatif
geratis aplikasi hebat ngedit gak pake nya,Negatif
aplikasi kon,Negatif
aplikasi bahan konten kasi bintang,Negatif
bagus nya asik keren,Positif
gak slowmo patah,Negatif
bug audio padhl suara ngedit hilang,Negatif
aplikasi download kasih bintang,Negatif
enak,Negatif
capcut iklan iklan kadang iklan fitur yang batas suruh bayar padahal suka pakai aplikasi males,Negatif
gatau kali editemplate foto blur,Negatif
mantap,Positif
aplikasi budug admin mata duit,Negatif
bgus,Negatif
aplikasi bagus,Positif
kikir banget jir pro,Negatif
dikit dikit iklan,Negatif
sanga seru,Negatif
iklan udah nya bagus,Netral
udah iklan udah iklam edit iklan gak ribet,Negatif
capcut edit trimakasih capcut bantu edit video,Positif
lag bug iklan bnyk banget gede banget ukur nya,Negatif
aplikasi guna edit vidio cuman fitur bayar iklan nya akuin aplikasi bagus,Netral
hati hati aplikasi uras dana dana ambil gakmasukin informasi dana kurang aplikasi dajal kalo kasih bintang nih aplikasi,Negatif
ramah kantong dikitdikit suruh bayar,Negatif
jangan kasih iklan tolong,Negatif
love,Negatif
aplikasi nya bagus tapi,Positif
jelek,Negatif
yalah tolong kembali uang tarik otomatis akun dana nila sengaja kepncet fitur langan nya mohon kembali uang butuh tolong banget mah anak kost min,Negatif
capcut emg dasar nya aplikasi kontol burik bego sinyal bgs gin mlah gada koneksi mak tingal bego pantes lag mlulu,Negatif
woi kasih iklan template gratis ajg,Negatif
bantu,Negatif
mahal keren,Positif
capcut kesini ngak pakai subtitle otomatis standar pas selesai proses subtitle nya langan pro subtitle otomatis langan standar promakin kagak nih aplikasi,Negatif
tahi,Negatif
aplikasi edit nya bagus lagu audio trough violet mohon audio segitu aja saran,Positif
pas menginstal nya aplikasi menginstal cepet sinyal nya pokok maf kalo kasih bintang gin gak suka aja lambat kurang hormat sunguh kecewa,Negatif
mayan filter pro tuh bayar,Negatif
aplikasi kikir,Negatif
mls banget ekspor iklan iklan kali durasi coba dihilangkanblokir fitur iklan,Negatif
najis banget bayar,Negatif
dikit dikit pro dah muak,Negatif
kesini aneh ngedit udh gak pake,Negatif
cocok,Negatif
ruang simpan yang,Negatif
bayar,Negatif
banyak iklan,Negatif
iklanya,Negatif
aplikasi rakus detik login lansung,Negatif
ulsn,Negatif
capcut bagus ramah apa terimakasih poko bagus,Positif
bayar kembali capcut,Negatif
bagus,Positif
suka,Positif
bagus,Positif
selamat tingal aplikasi pelit,Negatif
capcut isia nya iklan aja ngedit gak kayak nih,Negatif
capcut nya,Positif
kesini bayar apapa bayar ngedit sederhana aja ngebantu nyusahin apapa standar bayar,Negatif
aplikasi bagus,Positif
fitur pro yang hrs byar,Negatif
kikir,Negatif
capcut pln,Positif
nyedot saldo konfirmasi bayar barang tuh bayar notif bayar aja,Negatif
sumpa enak edit puas gerat gila,Positif
kualitas video turun upload,Negatif
gue download tpi memori penuh udh gue bersih ngak jdi males,Negatif
aplikasi nya bagus guna aku dikit dikit bikin drama,Negatif
kanapa setandar nya nya susah ekspor nya plis setandar nya hapus,Netral
iyo download iki wes mari rumah tanga punah perempuan nganter download iki tenan abot ning anak tok wae alah alah mohon nganter kardus bekas toyota jual mobil bekas toyota jual rumah download dangdut ahay download lagu rohani kristen indonesikoplo baru hot sha,Negatif
fitur mendownload iklan tungu,Negatif
bagusangat membantukeren,Negatif
apan pake gerat bilang setandar udah gua apus efek bilang setandar udah gua apus bilang setandar apan gua ngedit nyusahin org aplikasi kalo kikir dongo gua ngedit gak back sound potong gitu nyediain aplikasi ngedit nyediain aplikasi sulit kikir dongo,Negatif
syuting kpop cowok harga ordo diptera golong famili cerambycidae kumbang tanduk golong famili cerambycidae kumbang tanduk golong famili cerambycidae kumbang tanduk golong famili cerambycidae kumbang tanduk golong famili cerambycidae kumbang tanduk golong famili cerambycidae kumbang tanduk,Negatif
capcut haji dlu gratis serah deh nya pake templet banding bikin,Negatif
bagus banget sih turut kadang suka ngelag,Positif
aplikasi nih serba bayar apapa bayar aplikasi miskin,Negatif
bagus udah pake layar hitam,Negatif
bagus bgt,Positif
aplikasi kenapa tida download,Negatif
bagus banget edit kasih bintang,Positif
gak gratis langan sekrang,Negatif
bagus,Positif
bagus,Positif
aplikasi download data perangkat udh nyoba kali tep gabsa maksud nya bug gmna mohon atas,Negatif
banget,Positif
tolong kurang bayar plis,Negatif
turunin mbnya plis,Negatif
meng aplod video bayar dlu ajg,Negatif
bagus creator,Positif
bagus banget,Positif
iklan,Negatif
adit gak karuan hedeh,Negatif
aku suka aplikasi,Positif
capcut udah mah epek pro nerapin epek banget samper nungu jam video pendek menit pro pas ganti akun pro gak capcut knpa tolong baik jasamanya bikin orang gak nyaman rugi paham,Negatif
bantu tugas karya,Negatif
mikir kocak bayar kebelet haji jadin pro ekstrak audio pro bapaklu pro,Negatif
bagus apus beli gak,Negatif
bagus edit vidio,Positif
gajelas aneh udah iklan fitur yang gabisa pakai premium benci aplikasi tbtb alih langan tbtb aja gitu tagih gogle play padahal gak niat langan apa tbtb tagih gogle play aplikasi gak,Negatif
nyaman iklan malas edit iklan,Negatif
bagus banget kasi bintang gak rivet,Positif
suka karna edit fotovidio dgn cepat,Positif
bosa donlot jelek,Negatif
suka alpikasi data hatus alpikasi data dar,Negatif
iklan,Negatif
aplikasi udah bagus banget udah hapus memo aplikasi pas hapus aplikasi gabisa download udah kali kali download sampe sampe game game hapusin cuman download aplikasi tolong baik makan memo cape udah ngapusin memo cuman aplikasi doang,Negatif
sukak pakai capcut pakek capcut aja susah capcut bayar,Negatif
berat kali aplikasih,Negatif
buagusa top juos,Positif
cuman nambahin lagu ekstrak doang pake pro,Negatif
mudah perlu bagus,Positif
bagus sekali,Positif
iklan,Negatif
aplikasi nya bagus,Positif
aplikasi kebelet haji,Negatif
buruk,Negatif
bagus,Positif
kebelet kaya fitur pro,Negatif
bagus banget,Positif
banyak iklan sistem premium dah pindah aplikasi,Negatif
god capcut,Positif
gak guna,Negatif
susah banget pakai apnya baharu,Negatif
bayar elit aplikasi sulit,Negatif
bagus,Positif
kesini baru jlas apl jelas poto hrs standar hrs langan pake duit pulak gemes banget gue sama apl udh kgak gunain gak jelas banget bgt ngabisin kuota baru bln,Negatif
bagus,Positif
sagat bagus,Positif
bagus,Positif
bagus,Positif
parah sih bayar kalo aplikasi bilang aplikasi bayar asli bayar loh memang capcut nih,Negatif
kesini iklan pinjol kali,Negatif
kak capcutnya xiaomi ngelag kasih tau kak,Negatif
kasi capcut bagus unduh nya kali memori sayah penuh hapus memeori deh,Positif
capcut ram nya kalo pake capcut haruslewat iklan lagisekarang capcut jelek tolong capcut yang jelek,Negatif
god,Negatif
bagus,Positif
capcut tolong gak sengaja pencet langan akun dana potong tolong kembali karna rugi mohon kerjasamanya,Negatif
denger gak bang komenan komenan baik aplikasi nyah diem,Negatif
aneh gabsa unduh nya padahal udh update jaring bgus,Netral
bayar tolong balikin saldo sayasaya tuju langan tolong kembali saldo,Negatif
capcut keren banget dah,Positif
mahal ruwet,Negatif
uinstal aja banyak prabayar,Negatif
mantap aplikasi,Positif
gimana download,Negatif
ungker capcut kebelet haji prem kampung dech plis,Negatif
emg asu dana motong gara bangke langan ntah uang tuk makan kos mamak,Negatif
asik premium,Negatif
aja serba bayar monyet,Negatif
bantu tolong isi suara suara anakanak kasih fre,Negatif
gak bayar bayar aneh,Negatif
curut aplikasi,Negatif
aplikasi nya bagus bantu,Positif
stop kikir deh kebelet haji,Negatif
banyak fitur bayar nga skarang capcut fitur yang bayar sya males ngasih bintang admin kebelet haji,Negatif
kali download nya,Negatif
meng eksplor tulis yang halang coba fitur standar gratis coba biaya pakai fitur standar gratis loh emang gila cap cut,Netral
capcut efek vidio viral muncul jempol,Negatif
bagus,Positif
download aplikasi langan langan saldo dana otomatis potong aplikasi tipu,Negatif
timor,Negatif
rhuf,Negatif
bayar smuanya rating,Negatif
knpa yah gak masuk capcut mslah kah udh hapus download berkalini tolong sempurna,Negatif
kasih bintang biar liat dapat capcut maf bintang aplikasi capcut beda ubah tolong kasih pro aplikasi nya sepi gratis aplikasi rame kasih pro tolong egois kikir pro efek kasih pro langan kadang ngebug gak langan mohon dengar baik,Negatif
keren banget gemar gaya fitur,Positif
